team,year,coach,games
Rice,2025,Scott Abell,13
Rice,2026,Scott Abell,0
Colorado State,2021,Steve Addazio,12
Arizona State,2022,Shaun Aguano,9
Oregon State,2025,Robb Akey,5
Rice,2024,Pete Alamar,4
Ohio,2021,Tim Albin,12
Ohio,2022,Tim Albin,14
Ohio,2023,Tim Albin,13
Ohio,2024,Tim Albin,14
Charlotte,2025,Tim Albin,12
Charlotte,2026,Tim Albin,0
Liberty,2022,Josh Aldridge,1
Indiana,2021,Tom Allen,12
Indiana,2022,Tom Allen,12
Indiana,2023,Tom Allen,12
Utah State,2021,Blake Anderson,14
Utah State,2022,Blake Anderson,13
Utah State,2023,Blake Anderson,13
Utah State,2024,Blake Anderson,0
Southern Miss,2025,Blake Anderson,1
Southern Miss,2026,Blake Anderson,0
South Alabama,2024,Major Applewhite,13
South Alabama,2025,Major Applewhite,12
South Alabama,2026,Major Applewhite,0
Baylor,2021,Dave Aranda,14
Baylor,2022,Dave Aranda,13
Baylor,2023,Dave Aranda,12
Baylor,2024,Dave Aranda,13
Baylor,2025,Dave Aranda,12
Baylor,2026,Dave Aranda,0
Mississippi State,2022,Zach Arnett,1
Mississippi State,2023,Zach Arnett,10
UNLV,2021,Marcus Arroyo,12
UNLV,2022,Marcus Arroyo,12
Akron,2021,Tom Arth,9
Boise State,2021,Andy Avalos,12
Boise State,2022,Andy Avalos,14
Boise State,2023,Andy Avalos,10
Syracuse,2021,Dino Babers,12
Syracuse,2022,Dino Babers,13
Syracuse,2023,Dino Babers,11
Michigan State,2023,Harlon Barnett,10
South Carolina,2021,Shane Beamer,13
South Carolina,2022,Shane Beamer,13
South Carolina,2023,Shane Beamer,12
South Carolina,2024,Shane Beamer,13
South Carolina,2025,Shane Beamer,12
South Carolina,2026,Shane Beamer,0
Missouri State,2025,Ryan Beard,12
Coastal Carolina,2026,Ryan Beard,0
Coastal Carolina,2023,Tim Beck,13
Coastal Carolina,2024,Tim Beck,13
Coastal Carolina,2025,Tim Beck,12
North Carolina,2025,Bill Belichick,12
North Carolina,2026,Bill Belichick,0
Massachusetts,2021,Walt Bell,9
North Texas,2022,Phil Bennett,1
Illinois,2021,Bret Bielema,12
Illinois,2022,Bret Bielema,13
Illinois,2023,Bret Bielema,12
Illinois,2024,Bret Bielema,13
Illinois,2025,Bret Bielema,13
Illinois,2026,Bret Bielema,0
Rice,2021,Mike Bloomgren,12
Rice,2022,Mike Bloomgren,13
Rice,2023,Mike Bloomgren,13
Rice,2024,Mike Bloomgren,8
Washington State,2025,Jesse Bobbit,1
Kennesaw State,2024,Brian Bohannon,9
Wyoming,2021,Craig Bohl,13
Wyoming,2022,Craig Bohl,13
Wyoming,2023,Craig Bohl,13
UL Monroe,2021,Terry Bowden,12
UL Monroe,2022,Terry Bowden,12
UL Monroe,2023,Terry Bowden,12
Louisville,2022,Deion Branch,1
Northwestern,2023,David Braun,13
Northwestern,2024,David Braun,12
Northwestern,2025,David Braun,13
Northwestern,2026,David Braun,0
Oregon State,2024,Trent Bray,12
Oregon State,2025,Trent Bray,7
San José State,2021,Brent Brennan,12
San José State,2022,Brent Brennan,12
San José State,2023,Brent Brennan,13
Arizona,2024,Brent Brennan,12
Arizona,2025,Brent Brennan,13
Arizona,2026,Brent Brennan,0
Charlotte,2024,Tim Brewster,2
Purdue,2022,Brian Brohm,1
Purdue,2021,Jeff Brohm,13
Purdue,2022,Jeff Brohm,13
Louisville,2023,Jeff Brohm,14
Louisville,2024,Jeff Brohm,13
Louisville,2025,Jeff Brohm,13
Louisville,2026,Jeff Brohm,0
Massachusetts,2022,Don Brown,12
Massachusetts,2023,Don Brown,12
Massachusetts,2024,Don Brown,10
Syracuse,2024,Fran Brown,13
Syracuse,2025,Fran Brown,12
Syracuse,2026,Fran Brown,0
North Carolina,2021,Mack Brown,13
North Carolina,2022,Mack Brown,14
North Carolina,2023,Mack Brown,13
North Carolina,2024,Mack Brown,12
West Virginia,2021,Neal Brown,13
West Virginia,2022,Neal Brown,12
West Virginia,2023,Neal Brown,13
West Virginia,2024,Neal Brown,12
North Texas,2026,Neal Brown,0
Kennesaw State,2024,Chandler Burks,3
Kent State,2023,Kenni Burns,12
Kent State,2024,Kenni Burns,12
Air Force,2021,Troy Calhoun,13
Air Force,2022,Troy Calhoun,13
Air Force,2023,Troy Calhoun,13
Air Force,2024,Troy Calhoun,12
Air Force,2025,Troy Calhoun,12
Air Force,2026,Troy Calhoun,0
Syracuse,2023,Nunzio Campanile,2
Iowa State,2021,Matt Campbell,13
Iowa State,2022,Matt Campbell,12
Iowa State,2023,Matt Campbell,13
Iowa State,2024,Matt Campbell,14
Iowa State,2025,Matt Campbell,12
Penn State,2026,Matt Campbell,0
South Alabama,2021,Steve Campbell,0
Toledo,2021,Jason Candle,13
Toledo,2022,Jason Candle,14
Toledo,2023,Jason Candle,14
Toledo,2024,Jason Candle,13
Toledo,2025,Jason Candle,12
UConn,2026,Jason Candle,0
Temple,2021,Rod Carey,12
Kent State,2025,Mark Carney,12
Kent State,2026,Mark Carney,0
Sacramento State,2026,Alonzo Carter,0
Delaware,2025,Ryan Carty,13
Delaware,2026,Ryan Carty,0
Coastal Carolina,2021,Jamey Chadwell,13
Coastal Carolina,2022,Jamey Chadwell,12
Liberty,2023,Jamey Chadwell,14
Liberty,2024,Jamey Chadwell,12
Liberty,2025,Jamey Chadwell,12
Liberty,2026,Jamey Chadwell,0
Hawai'i,2022,Timmy Chang,13
Hawai'i,2023,Timmy Chang,13
Hawai'i,2024,Timmy Chang,12
Hawai'i,2025,Timmy Chang,13
Hawai'i,2026,Timmy Chang,0
James Madison,2024,Bob Chesney,13
James Madison,2025,Bob Chesney,14
UCLA,2026,Bob Chesney,0
Nevada,2024,Jeff Choate,13
Nevada,2025,Jeff Choate,12
Nevada,2026,Jeff Choate,0
Wisconsin,2021,Paul Chryst,13
Wisconsin,2022,Paul Chryst,5
James Madison,2022,Curt Cignetti,11
James Madison,2023,Curt Cignetti,12
Indiana,2024,Curt Cignetti,13
Indiana,2025,Curt Cignetti,16
Indiana,2026,Curt Cignetti,0
UAB,2021,Bill Clark,13
App State,2021,Shawn Clark,14
App State,2022,Shawn Clark,12
App State,2023,Shawn Clark,14
App State,2024,Shawn Clark,11
Wake Forest,2021,Dave Clawson,14
Wake Forest,2022,Dave Clawson,13
Wake Forest,2023,Dave Clawson,12
Wake Forest,2024,Dave Clawson,12
Georgia Tech,2021,Geoff Collins,12
Georgia Tech,2022,Geoff Collins,4
Cincinnati,2022,Kerry Coombs,1
Sam Houston,2024,Brad Cornelsen,1
Eastern Michigan,2021,Chris Creighton,13
Eastern Michigan,2022,Chris Creighton,13
Eastern Michigan,2023,Chris Creighton,13
Eastern Michigan,2024,Chris Creighton,12
Eastern Michigan,2025,Chris Creighton,12
Eastern Michigan,2026,Chris Creighton,0
Oregon,2021,Mario Cristobal,13
Miami,2022,Mario Cristobal,12
Miami,2023,Mario Cristobal,13
Miami,2024,Mario Cristobal,13
Miami,2025,Mario Cristobal,16
Miami,2026,Mario Cristobal,0
Texas Tech,2021,Sonny Cumbie,5
Louisiana Tech,2022,Sonny Cumbie,12
Louisiana Tech,2023,Sonny Cumbie,12
Louisiana Tech,2024,Sonny Cumbie,13
Louisiana Tech,2025,Sonny Cumbie,13
Louisiana Tech,2026,Sonny Cumbie,0
Duke,2021,David Cutcliffe,12
Boise State,2023,Spencer Danielson,4
Boise State,2024,Spencer Danielson,14
Boise State,2025,Spencer Danielson,14
Boise State,2026,Spencer Danielson,0
South Florida,2022,Daniel Da Prato,3
LSU,2021,Brad Davis,1
Florida International,2021,Butch Davis,12
Ohio State,2021,Ryan Day,13
Ohio State,2022,Ryan Day,13
Ohio State,2023,Ryan Day,13
Ohio State,2024,Ryan Day,16
Ohio State,2025,Ryan Day,14
Ohio State,2026,Ryan Day,0
Fresno State,2021,Kalen DeBoer,12
Washington,2022,Kalen DeBoer,13
Washington,2023,Kalen DeBoer,15
Alabama,2024,Kalen DeBoer,13
Alabama,2025,Kalen DeBoer,15
Alabama,2026,Kalen DeBoer,0
Louisiana,2021,Michael Desormeaux,1
Louisiana,2022,Michael Desormeaux,13
Louisiana,2023,Michael Desormeaux,13
Louisiana,2024,Michael Desormeaux,14
Louisiana,2025,Michael Desormeaux,13
Louisiana,2026,Michael Desormeaux,0
Miami,2021,Manny Diaz,12
Duke,2024,Manny Diaz,13
Duke,2025,Manny Diaz,14
Duke,2026,Manny Diaz,0
Washington State,2021,Jake Dickert,6
Washington State,2022,Jake Dickert,13
Washington State,2023,Jake Dickert,12
Washington State,2024,Jake Dickert,12
Wake Forest,2025,Jake Dickert,13
Wake Forest,2026,Jake Dickert,0
UAB,2023,Trent Dilfer,12
UAB,2024,Trent Dilfer,12
UAB,2025,Trent Dilfer,6
Arizona State,2023,Kenny Dillingham,12
Arizona State,2024,Kenny Dillingham,14
Arizona State,2025,Kenny Dillingham,13
Arizona State,2026,Kenny Dillingham,0
UTEP,2021,Dana Dimel,13
UTEP,2022,Dana Dimel,12
UTEP,2023,Dana Dimel,12
NC State,2021,Dave Doeren,12
NC State,2022,Dave Doeren,13
NC State,2023,Dave Doeren,13
NC State,2024,Dave Doeren,13
NC State,2025,Dave Doeren,13
NC State,2026,Dave Doeren,0
Colorado,2021,Karl Dorrell,12
Colorado,2022,Karl Dorrell,5
Temple,2022,Stan Drayton,12
Temple,2023,Stan Drayton,12
Temple,2024,Stan Drayton,10
Utah State,2024,Nate Dreiling,12
Central Michigan,2025,Matt Drinkall,13
Central Michigan,2026,Matt Drinkall,0
Missouri,2021,Eli Drinkwitz,13
Missouri,2022,Eli Drinkwitz,13
Missouri,2023,Eli Drinkwitz,13
Missouri,2024,Eli Drinkwitz,13
Missouri,2025,Eli Drinkwitz,13
Missouri,2026,Eli Drinkwitz,0
Auburn,2025,D.J. Durkin,3
SMU,2021,Sonny Dykes,12
TCU,2022,Sonny Dykes,15
TCU,2023,Sonny Dykes,12
TCU,2024,Sonny Dykes,13
TCU,2025,Sonny Dykes,13
TCU,2026,Sonny Dykes,0
New Mexico,2025,Jason Eck,13
New Mexico,2026,Jason Eck,0
UConn,2021,Randy Edsall,2
Arizona State,2021,Herm Edwards,13
Arizona State,2022,Herm Edwards,3
Duke,2022,Mike Elko,13
Duke,2023,Mike Elko,12
Texas A&M,2024,Mike Elko,13
Texas A&M,2025,Mike Elko,13
Texas A&M,2026,Mike Elko,0
Georgia State,2021,Shawn Elliott,13
Georgia State,2022,Shawn Elliott,12
Georgia State,2023,Shawn Elliott,13
Georgia State,2024,Shawn Elliott,0
Virginia,2022,Tony Elliott,10
Virginia,2023,Tony Elliott,12
Virginia,2024,Tony Elliott,12
Virginia,2025,Tony Elliott,14
Virginia,2026,Tony Elliott,0
Fresno State,2025,Matt Entz,13
Fresno State,2026,Matt Entz,0
Iowa,2021,Kirk Ferentz,14
Iowa,2022,Kirk Ferentz,13
Iowa,2023,Kirk Ferentz,14
Iowa,2024,Kirk Ferentz,13
Iowa,2025,Kirk Ferentz,13
Iowa,2026,Kirk Ferentz,0
Cincinnati,2021,Luke Fickell,14
Wisconsin,2022,Luke Fickell,1
Cincinnati,2022,Luke Fickell,12
Wisconsin,2023,Luke Fickell,13
Wisconsin,2024,Luke Fickell,12
Wisconsin,2025,Luke Fickell,12
Wisconsin,2026,Luke Fickell,0
Arizona,2021,Jedd Fisch,12
Arizona,2022,Jedd Fisch,12
Arizona,2023,Jedd Fisch,13
Washington,2024,Jedd Fisch,13
Washington,2025,Jedd Fisch,13
Washington,2026,Jedd Fisch,0
Texas A&M,2021,Jimbo Fisher,12
Texas A&M,2022,Jimbo Fisher,12
Texas A&M,2023,Jimbo Fisher,10
Northwestern,2021,Pat Fitzgerald,12
Northwestern,2022,Pat Fitzgerald,12
Michigan State,2026,Pat Fitzgerald,0
Minnesota,2021,P.J. Fleck,13
Minnesota,2022,P.J. Fleck,13
Minnesota,2023,P.J. Fleck,13
Minnesota,2024,P.J. Fleck,13
Minnesota,2025,P.J. Fleck,13
Minnesota,2026,P.J. Fleck,0
UCLA,2024,Deshaun Foster,12
UCLA,2025,Deshaun Foster,3
Penn State,2021,James Franklin,13
Penn State,2022,James Franklin,13
Penn State,2023,James Franklin,13
Penn State,2024,James Franklin,16
Penn State,2025,James Franklin,6
Virginia Tech,2026,James Franklin,0
Notre Dame,2021,Marcus Freeman,1
Notre Dame,2022,Marcus Freeman,13
Notre Dame,2023,Marcus Freeman,13
Notre Dame,2024,Marcus Freeman,16
Notre Dame,2025,Marcus Freeman,12
Notre Dame,2026,Marcus Freeman,0
Liberty,2021,Hugh Freeze,13
Liberty,2022,Hugh Freeze,12
Auburn,2023,Hugh Freeze,13
Auburn,2024,Hugh Freeze,12
Auburn,2025,Hugh Freeze,9
Tulane,2021,Willie Fritz,12
Tulane,2022,Willie Fritz,14
Tulane,2023,Willie Fritz,13
Houston,2024,Willie Fritz,12
Houston,2025,Willie Fritz,13
Houston,2026,Willie Fritz,0
Nebraska,2021,Scott Frost,12
Nebraska,2022,Scott Frost,3
UCF,2025,Scott Frost,12
UCF,2026,Scott Frost,0
Virginia Tech,2021,Justin Fuente,10
Troy,2023,Greg Gasparato,1
Bowling Green,2025,Eddie George,12
Bowling Green,2026,Eddie George,0
Marshall,2025,Tony Gibson,12
Marshall,2026,Tony Gibson,0
Ole Miss,2025,Pete Golding,3
Ole Miss,2026,Pete Golding,0
South Florida,2023,Alex Golesh,13
South Florida,2024,Alex Golesh,13
South Florida,2025,Alex Golesh,12
Auburn,2026,Alex Golesh,0
Florida,2025,Billy Gonzales,5
New Mexico,2021,Danny Gonzales,12
New Mexico,2022,Danny Gonzales,12
New Mexico,2023,Danny Gonzales,12
Hawai'i,2021,Todd Graham,13
Washington,2021,Bob Gregory,3
Oklahoma State,2021,Mike Gundy,14
Oklahoma State,2022,Mike Gundy,13
Oklahoma State,2023,Mike Gundy,14
Oklahoma State,2024,Mike Gundy,12
Oklahoma State,2025,Mike Gundy,3
Boston College,2021,Jeff Hafley,12
Boston College,2022,Jeff Hafley,12
Boston College,2023,Jeff Hafley,13
Troy,2021,Brandon Hall,1
Southern Miss,2021,Will Hall,12
Southern Miss,2022,Will Hall,13
Southern Miss,2023,Will Hall,12
Southern Miss,2024,Will Hall,7
Tulane,2026,Will Hall,0
Northern Illinois,2021,Thomas Hammock,14
Northern Illinois,2022,Thomas Hammock,12
Northern Illinois,2023,Thomas Hammock,13
Northern Illinois,2024,Thomas Hammock,13
Northern Illinois,2025,Thomas Hammock,12
Massachusetts,2025,Joe Harasymiak,12
Massachusetts,2026,Joe Harasymiak,0
Michigan,2021,Jim Harbaugh,14
Michigan,2022,Jim Harbaugh,14
Michigan,2023,Jim Harbaugh,15
Northern Illinois,2026,Rob Harley,0
East Carolina,2024,Blake Harrell,6
East Carolina,2025,Blake Harrell,13
East Carolina,2026,Blake Harrell,0
Auburn,2021,Bryan Harsin,13
Auburn,2022,Bryan Harsin,8
South Florida,2026,Brian Hartline,0
Ohio,2025,John Hauser,1
Ohio,2026,John Hauser,0
Charlotte,2021,Will Healy,12
Charlotte,2022,Will Healy,8
USC,2021,Clay Helton,2
Georgia Southern,2022,Clay Helton,13
Georgia Southern,2023,Clay Helton,13
Georgia Southern,2024,Clay Helton,13
Georgia Southern,2025,Clay Helton,13
Georgia Southern,2026,Clay Helton,0
Western Kentucky,2021,Tyson Helton,14
Western Kentucky,2022,Tyson Helton,14
Western Kentucky,2023,Tyson Helton,13
Western Kentucky,2024,Tyson Helton,14
Western Kentucky,2025,Tyson Helton,13
Western Kentucky,2026,Tyson Helton,0
Florida Atlantic,2023,Tom Herman,12
Florida Atlantic,2024,Tom Herman,10
Tennessee,2021,Josh Heupel,13
Tennessee,2022,Josh Heupel,13
Tennessee,2023,Josh Heupel,13
Tennessee,2024,Josh Heupel,13
Tennessee,2025,Josh Heupel,13
Tennessee,2026,Josh Heupel,0
San Diego State,2021,Brady Hoke,14
San Diego State,2022,Brady Hoke,13
San Diego State,2023,Brady Hoke,12
Houston,2021,Dana Holgorsen,14
Houston,2022,Dana Holgorsen,13
Houston,2023,Dana Holgorsen,12
Houston,2024,Dana Holgorsen,0
Louisiana Tech,2021,Skip Holtz,12
East Carolina,2021,Mike Houston,12
East Carolina,2022,Mike Houston,13
East Carolina,2023,Mike Houston,12
East Carolina,2024,Mike Houston,7
Memphis,2025,Reggie Howard,1
Marshall,2021,Charles Huff,13
Marshall,2022,Charles Huff,13
Marshall,2023,Charles Huff,13
Marshall,2024,Charles Huff,13
Southern Miss,2025,Charles Huff,12
Memphis,2026,Charles Huff,0
Oregon State,2023,Kefense Hynson,1
Toledo,2026,Mike Jacobs,0
Ball State,2024,Colin Johnson,2
Coastal Carolina,2025,Jeremiah Johnson,1
Arkansas State,2021,Butch Jones,12
Arkansas State,2022,Butch Jones,12
Arkansas State,2023,Butch Jones,13
Arkansas State,2024,Butch Jones,13
Arkansas State,2025,Butch Jones,13
Arkansas State,2026,Butch Jones,0
Nebraska,2022,Mickey Joseph,9
Washington State,2024,Pete Kaligis,1
Sam Houston,2023,K.C. Keeler,12
Sam Houston,2024,K.C. Keeler,12
Temple,2025,K.C. Keeler,12
Temple,2026,K.C. Keeler,0
Notre Dame,2021,Brian Kelly,12
LSU,2022,Brian Kelly,14
LSU,2023,Brian Kelly,13
LSU,2024,Brian Kelly,13
LSU,2025,Brian Kelly,8
Jacksonville State,2025,Charles Kelly,14
Jacksonville State,2026,Charles Kelly,0
UCLA,2021,Chip Kelly,12
UCLA,2022,Chip Kelly,13
UCLA,2023,Chip Kelly,13
Georgia Tech,2022,Brent Key,8
Georgia Tech,2023,Brent Key,13
Georgia Tech,2024,Brent Key,13
Georgia Tech,2025,Brent Key,13
Georgia Tech,2026,Brent Key,0
Ole Miss,2021,Lane Kiffin,13
Ole Miss,2022,Lane Kiffin,13
Ole Miss,2023,Lane Kiffin,13
Ole Miss,2024,Lane Kiffin,13
Ole Miss,2025,Lane Kiffin,12
LSU,2026,Lane Kiffin,0
TCU,2021,Jerry Kill,4
New Mexico State,2022,Jerry Kill,13
New Mexico State,2023,Jerry Kill,15
Texas State,2023,G.J. Kinne,13
Texas State,2024,G.J. Kinne,13
Texas State,2025,G.J. Kinne,13
Texas State,2026,G.J. Kinne,0
North Carolina,2024,Freddie Kitchens,1
Florida Atlantic,2025,Zach Kittley,12
Florida Atlantic,2026,Zach Kittley,0
Kansas State,2026,Collin Klein,0
Kansas State,2021,Chris Klieman,13
Kansas State,2022,Chris Klieman,14
Kansas State,2023,Chris Klieman,13
Kansas State,2024,Chris Klieman,13
Kansas State,2025,Chris Klieman,12
Florida,2021,Greg Knox,1
Mississippi State,2023,Greg Knox,2
Washington,2021,Jimmy Lake,9
Tulsa,2025,Tre Lamb,12
Tulsa,2026,Tre Lamb,0
Oregon,2022,Dan Lanning,13
Oregon,2023,Dan Lanning,14
Oregon,2024,Dan Lanning,14
Oregon,2025,Dan Lanning,15
Oregon,2026,Dan Lanning,0
SMU,2022,Rhett Lashlee,13
SMU,2023,Rhett Lashlee,14
SMU,2024,Rhett Lashlee,14
SMU,2025,Rhett Lashlee,13
SMU,2026,Rhett Lashlee,0
Vanderbilt,2021,Clark Lea,12
Vanderbilt,2022,Clark Lea,12
Vanderbilt,2023,Clark Lea,12
Vanderbilt,2024,Clark Lea,13
Vanderbilt,2025,Clark Lea,13
Vanderbilt,2026,Clark Lea,0
Mississippi State,2021,Mike Leach,13
Mississippi State,2022,Mike Leach,12
SMU,2021,Jim Leavitt,0
Mississippi State,2024,Jeff Lebby,12
Mississippi State,2025,Jeff Lebby,13
Mississippi State,2026,Jeff Lebby,0
Kansas,2021,Lance Leipold,12
Kansas,2022,Lance Leipold,13
Kansas,2023,Lance Leipold,13
Kansas,2024,Lance Leipold,12
Kansas,2025,Lance Leipold,12
Kansas,2026,Lance Leipold,0
Buffalo,2024,Pete Lembo,13
Buffalo,2025,Pete Lembo,12
Buffalo,2026,Pete Lembo,0
Wisconsin,2022,Jim Leonhard,7
Western Michigan,2021,Tim Lester,13
Western Michigan,2022,Tim Lester,12
Kent State,2021,Sean Lewis,14
Kent State,2022,Sean Lewis,12
San Diego State,2024,Sean Lewis,12
San Diego State,2025,Sean Lewis,13
San Diego State,2026,Sean Lewis,0
Troy,2021,Chip Lindsey,11
Buffalo,2021,Maurice Linguist,12
Buffalo,2022,Maurice Linguist,13
Buffalo,2023,Maurice Linguist,12
Buffalo,2024,Maurice Linguist,0
North Texas,2021,Seth Littrell,13
North Texas,2022,Seth Littrell,13
Maryland,2021,Mike Locksley,13
Maryland,2022,Mike Locksley,13
Maryland,2023,Mike Locksley,13
Maryland,2024,Mike Locksley,12
Maryland,2025,Mike Locksley,12
Maryland,2026,Mike Locksley,0
Bowling Green,2021,Scot Loeffler,12
Bowling Green,2022,Scot Loeffler,13
Bowling Green,2023,Scot Loeffler,13
Bowling Green,2024,Scot Loeffler,13
App State,2025,Dowell Loggains,13
App State,2026,Dowell Loggains,0
Sam Houston,2025,Phil Longo,12
Sam Houston,2026,Phil Longo,0
Georgia Southern,2021,Chad Lunsford,4
Florida Atlantic,2024,Chad Lunsford,2
California,2026,Tosh Lupoi,0
Florida International,2022,Mike MacIntyre,12
Florida International,2023,Mike MacIntyre,12
Florida International,2024,Mike MacIntyre,12
Kennesaw State,2025,Jerry Mack,14
Kennesaw State,2026,Jerry Mack,0
UCF,2021,Gus Malzahn,13
UCF,2022,Gus Malzahn,14
UCF,2023,Gus Malzahn,13
UCF,2024,Gus Malzahn,12
Fresno State,2021,Lee Marks,1
Miami (OH),2021,Chuck Martin,13
Miami (OH),2022,Chuck Martin,13
Miami (OH),2023,Chuck Martin,14
Miami (OH),2024,Chuck Martin,14
Miami (OH),2025,Chuck Martin,14
Miami (OH),2026,Chuck Martin,0
New Mexico State,2021,Doug Martin,12
Middle Tennessee,2024,Derek Mason,12
Middle Tennessee,2025,Derek Mason,12
Middle Tennessee,2026,Derek Mason,0
Oregon,2021,Bryan McClendon,1
Central Michigan,2021,Jim McElwain,13
Central Michigan,2022,Jim McElwain,12
Central Michigan,2023,Jim McElwain,12
Central Michigan,2024,Jim McElwain,12
Georgia State,2024,Dell McGee,12
Georgia State,2025,Dell McGee,12
Georgia State,2026,Dell McGee,0
Texas Tech,2022,Joey McGuire,13
Texas Tech,2023,Joey McGuire,13
Texas Tech,2024,Joey McGuire,13
Texas Tech,2025,Joey McGuire,14
Texas Tech,2026,Joey McGuire,0
Oklahoma State,2025,Doug Meacham,9
Virginia,2021,Bronco Mendenhall,12
New Mexico,2024,Bronco Mendenhall,12
Utah State,2025,Bronco Mendenhall,13
Utah State,2026,Bronco Mendenhall,0
Massachusetts,2021,Alex Miller,3
Army,2021,Jeff Monken,13
Army,2022,Jeff Monken,12
Army,2023,Jeff Monken,12
Army,2024,Jeff Monken,14
Army,2025,Jeff Monken,13
Army,2026,Jeff Monken,0
Tulsa,2021,Philip Montgomery,13
Tulsa,2022,Philip Montgomery,12
Virginia Tech,2025,Philip Montgomery,9
Massachusetts,2024,Shane Montgomery,2
Washington State,2026,Kirby Moore,0
Michigan,2024,Sherrone Moore,13
Michigan,2025,Sherrone Moore,12
Akron,2022,Joe Moorhead,12
Akron,2023,Joe Moorhead,12
Akron,2024,Joe Moorhead,12
Akron,2025,Joe Moorhead,12
Akron,2026,Joe Moorhead,0
UConn,2022,Jim Mora,13
UConn,2023,Jim Mora,12
UConn,2024,Jim Mora,13
UConn,2025,Jim Mora,12
Colorado State,2026,Jim Mora,0
North Texas,2023,Eric Morris,12
North Texas,2024,Eric Morris,13
North Texas,2025,Eric Morris,13
Oklahoma State,2026,Eric Morris,0
UAB,2025,Alex Mortensen,6
UAB,2026,Alex Mortensen,0
Florida,2021,Dan Mullen,11
UNLV,2025,Dan Mullen,14
UNLV,2026,Dan Mullen,0
Tulane,2023,Slade Nagle,1
Louisiana,2021,Billy Napier,13
Florida,2022,Billy Napier,13
Florida,2023,Billy Napier,12
Florida,2024,Billy Napier,13
Florida,2025,Billy Napier,7
James Madison,2026,Billy Napier,0
Pittsburgh,2021,Pat Narduzzi,14
Pittsburgh,2022,Pat Narduzzi,13
Pittsburgh,2023,Pat Narduzzi,12
Pittsburgh,2024,Pat Narduzzi,13
Pittsburgh,2025,Pat Narduzzi,13
Pittsburgh,2026,Pat Narduzzi,0
Ball State,2021,Mike Neu,13
Ball State,2022,Mike Neu,12
Ball State,2023,Mike Neu,12
Ball State,2024,Mike Neu,10
Navy,2023,Brian Newberry,12
Navy,2024,Brian Newberry,13
Navy,2025,Brian Newberry,13
Navy,2026,Brian Newberry,0
Navy,2021,Ken Niumatalolo,12
Navy,2022,Ken Niumatalolo,12
San José State,2024,Ken Niumatalolo,13
San José State,2025,Ken Niumatalolo,12
San José State,2026,Ken Niumatalolo,0
Nevada,2021,Jay Norvell,12
Colorado State,2022,Jay Norvell,12
Colorado State,2023,Jay Norvell,12
Colorado State,2024,Jay Norvell,13
Colorado State,2025,Jay Norvell,7
Florida State,2021,Mike Norvell,12
Florida State,2022,Mike Norvell,13
Florida State,2023,Mike Norvell,14
Florida State,2024,Mike Norvell,12
Florida State,2025,Mike Norvell,12
Florida State,2026,Mike Norvell,0
Boston College,2024,Bill O'Brien,13
Boston College,2025,Bill O'Brien,12
Boston College,2026,Bill O'Brien,0
UNLV,2023,Barry Odom,14
UNLV,2024,Barry Odom,14
Purdue,2025,Barry Odom,12
Purdue,2026,Barry Odom,0
LSU,2021,Ed Orgeron,12
Troy,2024,Gerad Parker,12
Troy,2025,Gerad Parker,14
Troy,2026,Gerad Parker,0
South Florida,2025,Kevin Patrick,1
TCU,2021,Gary Patterson,8
Arkansas,2025,Bobby Petrino,7
Missouri State,2025,Nick Petrino,1
Arkansas,2021,Sam Pittman,13
Arkansas,2022,Sam Pittman,13
Arkansas,2023,Sam Pittman,12
Arkansas,2024,Sam Pittman,13
Arkansas,2025,Sam Pittman,5
Charlotte,2023,Biff Poggi,12
Charlotte,2024,Biff Poggi,10
Michigan,2025,Biff Poggi,1
North Dakota State,2026,Tim Polasek,0
Virginia Tech,2021,J.C. Price,3
Stanford,2026,Tavita Pritchard,0
Virginia Tech,2022,Brent Pry,11
Virginia Tech,2023,Brent Pry,13
Virginia Tech,2024,Brent Pry,13
Virginia Tech,2025,Brent Pry,3
Old Dominion,2021,Ricky Rahne,13
Old Dominion,2022,Ricky Rahne,12
Old Dominion,2023,Ricky Rahne,13
Old Dominion,2024,Ricky Rahne,12
Old Dominion,2025,Ricky Rahne,13
Old Dominion,2026,Ricky Rahne,0
Stanford,2025,Frank Reich,12
Nebraska,2023,Matt Rhule,12
Nebraska,2024,Matt Rhule,13
Nebraska,2025,Matt Rhule,13
Nebraska,2026,Matt Rhule,0
Oklahoma,2021,Lincoln Riley,12
USC,2022,Lincoln Riley,14
USC,2023,Lincoln Riley,13
USC,2024,Lincoln Riley,13
USC,2025,Lincoln Riley,13
USC,2026,Lincoln Riley,0
Texas A&M,2023,Elijah Robinson,3
Akron,2021,Oscar Rodriguez,3
Jacksonville State,2023,Rich Rodriguez,13
Jacksonville State,2024,Rich Rodriguez,14
West Virginia,2025,Rich Rodriguez,12
West Virginia,2026,Rich Rodriguez,0
Washington State,2025,Jimmy Rogers,12
Iowa State,2026,Jimmy Rogers,0
Washington State,2021,Nick Rolovich,7
California,2025,Nick Rolovich,2
Charlotte,2022,Peter Rossomando,4
Alabama,2021,Nick Saban,15
Alabama,2022,Nick Saban,13
Alabama,2023,Nick Saban,14
UConn,2025,Gordon Sammis,1
New Mexico State,2024,Tony Sanchez,12
New Mexico State,2025,Tony Sanchez,12
New Mexico State,2026,Tony Sanchez,0
Colorado,2023,Deion Sanders,12
Colorado,2024,Deion Sanders,13
Colorado,2025,Deion Sanders,12
Colorado,2026,Deion Sanders,0
Colorado,2022,Mike Sanford Jr.,7
Texas,2021,Steve Sarkisian,12
Texas,2022,Steve Sarkisian,13
Texas,2023,Steve Sarkisian,14
Texas,2024,Steve Sarkisian,16
Texas,2025,Steve Sarkisian,13
Texas,2026,Steve Sarkisian,0
Louisville,2021,Scott Satterfield,13
Louisville,2022,Scott Satterfield,12
Cincinnati,2023,Scott Satterfield,12
Cincinnati,2024,Scott Satterfield,12
Cincinnati,2025,Scott Satterfield,13
Cincinnati,2026,Scott Satterfield,0
Wyoming,2024,Jay Sawvel,12
Wyoming,2025,Jay Sawvel,12
Wyoming,2026,Jay Sawvel,0
Utah,2025,Morgan Scalley,1
Utah,2026,Morgan Scalley,0
Rutgers,2021,Greg Schiano,13
Rutgers,2022,Greg Schiano,12
Rutgers,2023,Greg Schiano,13
Rutgers,2024,Greg Schiano,13
Rutgers,2025,Greg Schiano,12
Rutgers,2026,Greg Schiano,0
West Virginia,2024,Chad Scott,1
South Florida,2021,Jeff Scott,12
South Florida,2022,Jeff Scott,9
Stanford,2021,David Shaw,12
Stanford,2022,David Shaw,12
Oregon State,2026,JaMarcus Shephard,0
Memphis,2021,Ryan Silverfield,12
Memphis,2022,Ryan Silverfield,13
Memphis,2023,Ryan Silverfield,13
Memphis,2024,Ryan Silverfield,13
Memphis,2025,Ryan Silverfield,12
Arkansas,2026,Ryan Silverfield,0
Florida International,2025,Willie Simmons,13
Florida International,2026,Willie Simmons,0
Miami,2021,Jess Simpson,0
BYU,2021,Kalani Sitake,13
BYU,2022,Kalani Sitake,13
BYU,2023,Kalani Sitake,12
BYU,2024,Kalani Sitake,13
BYU,2025,Kalani Sitake,14
BYU,2026,Kalani Sitake,0
Fresno State,2024,Tim Skipper,13
UCLA,2025,Tim Skipper,9
Georgia,2021,Kirby Smart,15
Georgia,2022,Kirby Smart,15
Georgia,2023,Kirby Smart,14
Georgia,2024,Kirby Smart,14
Georgia,2025,Kirby Smart,14
Georgia,2026,Kirby Smart,0
Ohio,2025,Brian Smith,12
Oregon State,2021,Jonathan Smith,13
Oregon State,2022,Jonathan Smith,13
Oregon State,2023,Jonathan Smith,12
Michigan State,2024,Jonathan Smith,12
Michigan State,2025,Jonathan Smith,12
Penn State,2025,Terry Smith,7
UConn,2021,Lou Spanos,10
Texas State,2021,Jake Spavital,12
Texas State,2022,Jake Spavital,12
Coastal Carolina,2022,Chad Staggs,1
Kentucky,2026,Will Stein,0
Middle Tennessee,2021,Rick Stockstill,13
Middle Tennessee,2022,Rick Stockstill,13
Middle Tennessee,2023,Rick Stockstill,12
Oklahoma,2021,Bob Stoops,1
Kentucky,2021,Mark Stoops,13
Kentucky,2022,Mark Stoops,13
Kentucky,2023,Mark Stoops,13
Kentucky,2024,Mark Stoops,12
Kentucky,2025,Mark Stoops,12
Southern Miss,2024,Reed Stringer,5
Colorado State,2025,Tyson Summers,5
Troy,2022,Jon Sumrall,14
Troy,2023,Jon Sumrall,13
Tulane,2024,Jon Sumrall,14
Tulane,2025,Jon Sumrall,14
Florida,2026,Jon Sumrall,0
North Texas,2025,Drew Svoboda,1
Clemson,2021,Dabo Swinney,13
Clemson,2022,Dabo Swinney,14
Clemson,2023,Dabo Swinney,13
Clemson,2024,Dabo Swinney,14
Clemson,2025,Dabo Swinney,13
Clemson,2026,Dabo Swinney,0
Tulsa,2024,Ryan Switzer,1
Florida Atlantic,2021,Willie Taggart,12
Florida Atlantic,2022,Willie Taggart,12
Nevada,2021,Vai Taua,1
Western Michigan,2023,Lance Taylor,12
Western Michigan,2024,Lance Taylor,13
Western Michigan,2025,Lance Taylor,14
Western Michigan,2026,Lance Taylor,0
Duke,2023,Trooper Taylor,1
Stanford,2023,Troy Taylor,12
Stanford,2024,Troy Taylor,12
Fresno State,2022,Jeff Tedford,14
Fresno State,2023,Jeff Tedford,13
UTSA,2021,Jeff Traylor,14
UTSA,2022,Jeff Traylor,14
UTSA,2023,Jeff Traylor,13
UTSA,2024,Jeff Traylor,13
UTSA,2025,Jeff Traylor,13
UTSA,2026,Jeff Traylor,0
Michigan State,2021,Mel Tucker,13
Michigan State,2022,Mel Tucker,12
Michigan State,2023,Mel Tucker,2
Ball State,2025,Mike Uremovich,12
Ball State,2026,Mike Uremovich,0
Oklahoma,2022,Brent Venables,13
Oklahoma,2023,Brent Venables,13
Oklahoma,2024,Brent Venables,13
Oklahoma,2025,Brent Venables,13
Oklahoma,2026,Brent Venables,0
UAB,2022,Bryant Vincent,13
UL Monroe,2024,Bryant Vincent,12
UL Monroe,2025,Bryant Vincent,12
UL Monroe,2026,Bryant Vincent,0
UTEP,2024,Scotty Walden,12
UTEP,2025,Scotty Walden,12
UTEP,2026,Scotty Walden,0
Purdue,2023,Ryan Walters,12
Purdue,2024,Ryan Walters,12
Toledo,2025,Robert Weiner,1
Texas Tech,2021,Matt Wells,8
Georgia Southern,2021,Kevin Whitley,8
Utah,2021,Kyle Whittingham,14
Utah,2022,Kyle Whittingham,14
Utah,2023,Kyle Whittingham,13
Utah,2024,Kyle Whittingham,12
Utah,2025,Kyle Whittingham,12
Michigan,2026,Kyle Whittingham,0
California,2021,Justin Wilcox,12
California,2022,Justin Wilcox,12
California,2023,Justin Wilcox,13
California,2024,Justin Wilcox,13
California,2025,Justin Wilcox,11
Auburn,2022,Cadillac Williams,4
USC,2021,Donte Williams,10
LSU,2025,Frank Wilson,5
Nevada,2022,Ken Wilson,12
Nevada,2023,Ken Wilson,12
Tulsa,2023,Kevin Wilson,12
Tulsa,2024,Kevin Wilson,11
Temple,2024,Everett Withers,2
South Alabama,2021,Kane Wommack,12
South Alabama,2022,Kane Wommack,13
South Alabama,2023,Kane Wommack,13
Missouri State,2026,Casey Woods,0
James Madison,2023,Damian Wroblewski,1
