coach,su_wins,ats_covers,games
Alex Golesh,0,2,4
Andy Avalos,0,0,1
Barry Odom,0,2,4
Bill O'Brien,1,2,2
Billy Napier,2,6,12
Bobby Petrino,0,1,1
Brent Brennan,1,2,2
Brent Key,2,5,5
Brent Pry,0,2,2
Brent Venables,3,3,6
Bret Bielema,0,1,4
Brian Kelly,2,3,7
Brian Newberry,0,0,1
Brian Smith,0,1,1
Bryant Vincent,0,0,1
Charles Huff,0,1,1
Chris Klieman,0,1,1
Clark Lea,2,5,7
Clay Helton,0,0,1
Craig Bohl,0,1,1
Curt Cignetti,3,3,4
Dabo Swinney,1,1,4
Dan Lanning,3,3,5
Dana Holgorsen,0,1,1
Dave Aranda,0,0,1
Dave Clawson,0,0,3
Dave Doeren,1,1,2
David Braun,0,2,3
Deion Sanders,0,1,2
Derek Mason,0,0,1
Deshaun Foster,0,2,2
Dino Babers,0,0,1
Don Brown,0,1,2
Doug Meacham,0,0,1
Eli Drinkwitz,0,1,4
Fran Brown,1,1,3
Frank Reich,0,1,2
Gerad Parker,0,1,1
Greg Schiano,0,0,2
Gus Malzahn,0,2,2
Harlon Barnett,0,0,3
Hugh Freeze,0,4,5
Jake Dickert,0,2,2
James Franklin,0,0,4
Jay Norvell,0,0,1
Jedd Fisch,1,3,7
Jeff Brohm,2,2,4
Jeff Choate,0,1,1
Jeff Hafley,0,1,1
Jeff Lebby,0,3,6
Jeff Monken,0,0,1
Jeff Traylor,0,0,1
Jim Harbaugh,2,2,2
Jim McElwain,0,1,1
Jimmy Rogers,0,1,1
Joe Moorhead,0,1,1
Joey McGuire,1,1,2
Jonathan Smith,1,3,6
Josh Heupel,1,2,4
Justin Wilcox,0,1,4
Kalani Sitake,0,0,3
Kalen DeBoer,4,4,5
Ken Niumatalolo,0,1,1
Ken Wilson,0,0,1
Kenni Burns,0,0,2
Kenny Dillingham,1,3,4
Kevin Wilson,0,1,1
Kirby Smart,7,7,9
Kirk Ferentz,0,1,4
Kyle Whittingham,0,2,3
Lance Leipold,2,2,4
Lance Taylor,0,0,2
Lane Kiffin,2,2,4
Lincoln Riley,0,2,5
Luke Fickell,0,4,7
Manny Diaz,0,0,1
Marcus Freeman,1,1,2
Mario Cristobal,1,2,3
Mark Carney,0,1,2
Mark Stoops,2,5,7
Matt Campbell,0,0,1
Matt Rhule,0,1,2
Mike Elko,4,4,7
Mike Gundy,1,1,2
Mike Houston,0,1,1
Mike Locksley,0,2,6
Mike Neu,0,0,1
Mike Norvell,2,3,5
Neal Brown,0,0,2
Nick Saban,1,1,1
P.J. Fleck,0,1,5
Pat Narduzzi,0,1,2
Pete Lembo,0,0,1
Phil Longo,0,0,1
Rhett Lashlee,1,1,1
Rich Rodriguez,0,0,1
Rick Stockstill,0,0,1
Ryan Day,4,4,7
Ryan Walters,0,1,6
Sam Pittman,1,2,4
Scot Loeffler,0,2,2
Scott Frost,0,0,1
Scotty Walden,0,1,2
Shane Beamer,1,5,6
Sherrone Moore,1,2,5
Sonny Cumbie,0,1,1
Sonny Dykes,0,1,1
Spencer Danielson,0,1,1
Steve Sarkisian,5,4,9
Terry Smith,0,1,3
Thomas Hammock,1,1,1
Tim Albin,0,1,1
Tim Skipper,1,2,4
Tom Allen,0,2,3
Tony Elliott,2,4,4
Tony Gibson,0,1,1
Trent Bray,0,0,1
Trent Dilfer,0,1,1
Troy Taylor,0,1,3
Tyson Helton,0,0,2
Will Hall,0,0,1
Willie Simmons,0,1,1
