team,percentPPA,percentPassingPPA,percentRushingPPA,percentReceivingPPA,usage
Air Force,0.358,0.295,0.444,0.148,0.267
Akron,0.727,0.952,0.739,0.593,0.761
Alabama,0.423,0.135,0.492,0.584,0.409
App State,0.474,0.089,0.508,0.721,0.392
Arizona,0.846,0.995,1.013,0.72,0.924
Arizona State,0.612,0.753,0.075,0.685,0.411
Arkansas,0.581,0.904,0.983,0.233,0.777
Arkansas State,0.179,0.045,5.909,0.269,0.221
Army,0.5,-0.019,0.472,0.826,0.485
Auburn,0.787,0.794,0.86,0.735,0.657
Ball State,0.262,0,0.132,0.461,0.145
Baylor,0.645,0.755,0.565,0.615,0.691
Boise State,0.921,0.935,1.021,0.849,0.857
Boston College,0.388,0.511,2.776,0.413,0.593
Bowling Green,0.299,0.087,0.104,0.442,0.465
Buffalo,0.575,0.876,0.915,0.317,0.791
BYU,0.294,0.084,-0.004,0.551,0.225
California,0.443,0,0.58,0.654,0.34
Central Michigan,0.358,-0.073,0.997,0.236,0.323
Charlotte,0.144,0.035,0.33,0.155,0.222
Cincinnati,0.067,-0.024,0.429,0.033,0.261
Clemson,0.551,0.296,0.741,0.577,0.505
Coastal Carolina,0.915,0.982,1.128,0.819,0.893
Colorado,0.077,0,0.272,0.053,0.13
Colorado State,0.92,1,-2.348,0.756,0.825
Duke,0.989,1,1.005,0.972,0.991
East Carolina,0.088,0.016,-0.255,0.202,0.209
Eastern Michigan,0.503,0.281,0.946,0.409,0.536
Florida,0.367,0.087,0.401,0.513,0.438
Florida Atlantic,0.446,0.169,0.913,0.524,0.442
Florida International,0.68,0.889,0.993,0.478,0.78
Florida State,0.785,0.96,0.832,0.624,0.792
Fresno State,0.171,0.179,0.23,0.149,0.261
Georgia,0.43,0.178,0.532,0.59,0.446
Georgia Southern,0.454,0.007,0.617,0.709,0.375
Georgia State,0.688,1,0.782,0.489,0.669
Georgia Tech,0.366,0.86,0.473,0.27,0.382
Hawai'i,0.627,0.92,0.595,0.541,0.67
Houston,0.234,0.005,0.333,0.371,0.269
Illinois,0.321,-0.007,-0.119,0.612,0.268
Indiana,0.358,-0.362,0.6,0.513,0.345
Iowa,0.409,-0.068,0.673,0.524,0.426
Iowa State,0.638,0.911,7.143,0.523,0.687
James Madison,0.109,-0.026,-0.654,0.307,0.321
Kansas,1.003,1.027,1.015,0.982,0.937
Kansas State,0.49,0.763,0.293,0.447,0.369
Kent State,0.074,0.126,0.047,0.055,0.117
Kentucky,0.481,-0.182,-0.7,0.854,0.417
Liberty,0.448,0.98,0.151,0.302,0.544
Louisiana,0.647,0.804,1.168,0.484,0.744
Louisiana Tech,0.392,0.092,0.928,0.466,0.445
Louisville,0.231,0.164,0.257,0.247,0.395
LSU,0.845,0.983,0.993,0.694,0.888
Marshall,0.468,0.287,0.535,0.465,0.481
Maryland,0.784,1.011,1.086,0.591,0.88
Massachusetts,0.531,-1.96,0.905,0.471,0.678
Memphis,0.523,0.9,0.743,0.274,0.71
Miami,0.72,0.779,0.675,0.708,0.658
Miami (OH),0.675,0.863,1.081,0.447,0.784
Michigan,0.777,0.936,0.963,0.519,0.825
Michigan State,0.21,0.152,-0.536,0.313,0.254
Middle Tennessee,0.337,0.029,0.609,0.463,0.315
Minnesota,0.409,0.336,0.161,0.623,0.344
Mississippi State,0.584,0.96,0.605,0.4,0.715
Missouri,0.651,0.984,1.002,0.368,0.83
Navy,0.611,0.68,0.624,0.568,0.751
NC State,0.385,0.268,0.011,0.493,0.449
Nebraska,0.14,-0.063,0.179,0.249,0.403
Nevada,0.225,-0.03,-0.185,0.501,0.333
New Mexico,0.305,0.726,0.419,0.436,0.395
New Mexico State,0.843,0.958,0.969,0.746,0.946
North Carolina,0.776,0.971,0.952,0.59,0.873
Northern Illinois,0.622,0.976,0.501,0.416,0.555
North Texas,0.416,-0.002,0.819,0.559,0.535
Northwestern,0.657,0.958,-1.882,0.485,0.599
Notre Dame,0.345,0.118,0.418,0.419,0.324
Ohio,0.921,1,0.998,0.85,0.935
Ohio State,0.644,0.201,0.957,0.868,0.636
Oklahoma,0.527,0.895,0.348,0.42,0.675
Oklahoma State,0.3,0.251,-0.088,0.411,0.335
Old Dominion,0.211,0.066,-4.5,0.387,0.223
Ole Miss,0.618,0.956,0.738,0.37,0.728
Oregon,0.807,0.932,0.844,0.706,0.844
Oregon State,0.527,0.465,0.624,0.508,0.624
Penn State,0.428,0.118,0.884,0.465,0.489
Pittsburgh,0.319,0.244,0.209,0.409,0.292
Purdue,0.344,0.03,1,0.441,0.363
Rice,0.425,0.195,0.605,0.497,0.464
Rutgers,0.439,0.765,0.5,0.359,0.765
San Diego State,0.78,1.07,1.865,0.509,0.611
San José State,0.685,1.001,1.183,0.484,0.841
SMU,0.417,0.253,0.806,0.431,0.413
South Alabama,0.856,0.985,1.019,0.727,0.856
South Carolina,0.636,0.935,0.49,0.502,0.644
Southern Miss,0.634,0.435,1.521,0.605,0.651
South Florida,0.463,0.699,0.497,0.321,0.446
Stanford,0.392,0.133,0.984,0.395,0.382
Syracuse,0.767,0.938,0.649,0.747,0.706
TCU,0.144,0.084,-0.015,0.259,0.125
Temple,0.756,1,0.831,0.599,0.819
Tennessee,0.422,0.271,0.578,0.456,0.508
Texas,0.61,0.71,0.096,0.858,0.561
Texas A&M,0.648,0.559,0.239,0.794,0.516
Texas State,0.469,0.028,1.068,0.604,0.447
Texas Tech,0.764,0.521,0.646,0.897,0.65
Toledo,0.789,1,0.951,0.605,0.91
Troy,0.561,0.765,0.766,0.44,0.674
Tulane,0.59,0.917,0.437,0.47,0.635
Tulsa,0.262,0.231,0.423,0.227,0.351
UAB,0.395,0.21,0.311,0.565,0.44
UCF,0.68,0.695,0.663,0.685,0.666
UCLA,0.281,0.129,0.161,0.468,0.277
UConn,0.629,0.606,0.68,0.597,0.753
UL Monroe,0.311,0.085,-0.155,0.485,0.123
UNLV,0.624,1.059,0.529,0.408,0.621
USC,0.742,0.925,0.605,0.666,0.764
Utah,0.72,1,0.752,0.552,0.781
Utah State,0.467,0.559,0.927,0.366,0.451
UTEP,0.538,0.715,0.474,0.479,0.659
UTSA,0.849,1.001,0.936,0.701,0.736
Vanderbilt,0.519,0.501,-0.328,0.696,0.618
Virginia,0.211,0.111,-0.393,0.413,0.302
Virginia Tech,0.651,0.762,0.635,0.61,0.691
Wake Forest,0.412,0.075,-0.186,0.657,0.363
Washington,0.887,1.004,0.544,0.925,0.851
Washington State,0.581,0.805,0.97,0.402,0.828
Western Kentucky,0.644,1.007,0.551,0.455,0.764
Western Michigan,0.57,0.901,0.075,0.393,0.605
West Virginia,0.351,0.231,1.034,0.189,0.362
Wisconsin,0.573,0.309,0.693,0.676,0.5
Wyoming,0.739,0.894,0.797,0.674,0.643
