team,talent
Georgia,1003.67
Texas,985.17
Oregon,984.33
Alabama,973.53
Ohio State,964.27
Notre Dame,953.03
Texas A&M,933
LSU,931.76
USC,899
Florida,891.07
Michigan,890.02
Miami,885.94
Tennessee,885.9
Ole Miss,885.72
South Carolina,862.87
Clemson,862.85
Oklahoma,851.14
Auburn,828.19
Missouri,808.36
Mississippi State,804.53
Florida State,800.2
Nebraska,787.45
Kentucky,786.65
Washington,777.63
UCLA,774.45
Penn State,774.04
Virginia Tech,769.12
North Carolina,767.89
Texas Tech,767.89
Wisconsin,767.68
SMU,764.5
NC State,757.14
California,751.92
Georgia Tech,751.65
Syracuse,745.61
Arkansas,745.48
Louisville,739.97
Indiana,735.26
Colorado,731.62
TCU,730.79
Minnesota,728.79
Vanderbilt,727.39
Baylor,723.28
Iowa,722.73
Arizona State,722
Maryland,719.64
Kansas State,718.67
Rutgers,709.04
West Virginia,707.6
Stanford,705.81
Illinois,704.01
South Florida,703.81
Virginia,700.18
Arizona,699.59
Purdue,698.33
UNLV,696.03
Houston,695.93
Utah,695.72
BYU,689.42
Northwestern,688.32
Michigan State,685.02
Kansas,684.51
Wake Forest,680.87
Pittsburgh,675.02
Oklahoma State,672.69
UCF,672.14
Memphis,670.31
Iowa State,669.55
Duke,668.47
Tulane,665.11
Boston College,660
UTSA,655.82
UConn,652.56
Boise State,641.17
Colorado State,640.31
Oregon State,635.79
Cincinnati,634.28
Georgia Southern,634.19
Liberty,633.35
Temple,631.07
Washington State,630.29
Texas State,624.81
East Carolina,623.79
Tulsa,622.84
App State,621.61
Miami (OH),621.37
Western Kentucky,611.52
Fresno State,609.75
San Diego State,609.22
Florida International,607.56
Arkansas State,606.22
UAB,606.18
Jacksonville State,602.83
Southern Miss,602.63
North Texas,602.08
Troy,596.19
Marshall,594.71
Florida Atlantic,593.36
Louisiana,590.94
Rice,589.89
James Madison,588.31
UTEP,585.76
Eastern Michigan,580.64
Charlotte,576.77
Coastal Carolina,573.96
Georgia State,573.83
South Alabama,573.38
Western Michigan,572.2
Middle Tennessee,571.5
San José State,569.25
Bowling Green,568.33
New Mexico,568.19
Ball State,563.88
Sacramento State,561.42
Hawai'i,556.82
Toledo,556.26
Sam Houston,554.47
Nevada,549.99
Missouri State,549.92
Buffalo,549.31
Akron,546.84
Old Dominion,544.25
Utah State,543.98
Louisiana Tech,543.02
Central Michigan,540.01
Northern Illinois,536.58
Wyoming,528.29
Massachusetts,525.94
Ohio,522.84
Kent State,522.83
North Dakota State,515.59
UL Monroe,505.49
Kennesaw State,502.86
Delaware,483.48
New Mexico State,460.38
Army,303.83
Air Force,272.35
Navy,195.68
