team,home_edge_pts,home_games,road_games
UTSA,5.36,12,13
Hawai'i,5.17,14,12
Abilene Christian,4.51,12,13
Lindenwood,3.93,12,9
St. Thomas (MN),3.8,9,11
UT Rio Grande Valley,3.79,1,3
Utah State,3.75,13,14
Howard,3.73,9,12
TCU,3.69,13,13
Florida State,3.47,13,13
McNeese,3.47,6,12
Montana State,3.35,15,11
Duquesne,3.26,11,12
NC State,3.18,15,11
Oregon State,3.0,13,13
Davidson,2.91,10,11
New Haven,2.82,1,3
Austin Peay,2.68,13,8
North Dakota,2.66,11,12
Mercer,2.62,12,14
Youngstown State,2.61,12,11
BYU,2.61,13,14
Nicholls,2.58,11,12
Alabama,2.55,15,12
Florida,2.5,12,12
Harvard,2.49,11,9
Stonehill,2.48,6,10
SMU,2.47,13,14
Morehead State,2.42,10,12
Wyoming,2.37,13,14
Utah Tech,2.35,9,8
Houston Christian,2.25,10,8
Tarleton State,2.2,14,10
Pittsburgh,2.17,14,12
Central Michigan,2.12,13,13
Texas,2.09,12,11
Minnesota,2.06,14,12
Kansas State,2.05,13,13
UC Davis,1.95,13,12
San Diego State,1.94,12,14
LSU,1.93,16,10
Western Michigan,1.91,13,14
Toledo,1.91,12,15
Prairie View A&M,1.87,8,10
Eastern Illinois,1.86,11,12
Marist,1.82,10,12
Arkansas State,1.81,12,14
Jacksonville State,1.77,15,13
Wagner,1.74,10,11
Incarnate Word,1.73,12,8
Louisiana Tech,1.69,11,14
Louisville,1.68,14,13
Dartmouth,1.63,10,8
North Alabama,1.6,11,9
Washington,1.55,14,13
Texas A&M,1.55,14,10
Bethune-Cookman,1.53,10,9
Eastern Washington,1.48,12,11
South Dakota,1.45,14,11
Stephen F. Austin,1.42,12,11
Lafayette,1.4,12,11
Northern Iowa,1.4,10,14
Ohio,1.4,13,13
UAB,1.39,13,14
San Diego,1.32,9,10
Drake,1.31,9,11
Oklahoma State,1.31,14,13
Southern Miss,1.3,12,15
Notre Dame,1.29,13,9
Villanova,1.28,13,14
Eastern Kentucky,1.28,13,12
Monmouth,1.28,11,11
Kentucky,1.26,13,14
Cincinnati,1.26,14,13
Akron,1.18,13,14
Purdue,1.15,13,13
Yale,1.15,12,9
Marshall,1.15,13,15
Sacred Heart,1.13,9,11
Colgate,1.12,11,9
Illinois,1.09,14,12
Stanford,1.07,15,12
Alcorn State,1.03,10,8
Valparaiso,1.0,8,8
Indiana,0.97,14,12
VMI,0.96,13,12
Mississippi Valley State,0.94,10,11
Southeast Missouri State,0.91,11,15
Ball State,0.9,13,14
Houston,0.88,12,13
Central Connecticut,0.87,11,10
Fresno State,0.86,13,13
North Dakota State,0.86,15,11
Robert Morris,0.85,11,11
Northwestern,0.84,8,12
Long Island University,0.83,6,11
Kennesaw State,0.81,10,10
Florida A&M,0.79,8,10
Old Dominion,0.78,12,14
Rice,0.78,14,12
Boise State,0.78,16,14
Temple,0.78,13,13
Alabama A&M,0.77,8,9
Idaho,0.76,11,12
Georgia Southern,0.75,13,14
UT Martin,0.73,10,16
SE Louisiana,0.71,11,10
Kansas,0.66,10,13
William & Mary,0.66,13,10
Wofford,0.65,13,13
North Texas,0.63,14,12
Arkansas-Pine Bluff,0.61,11,10
Murray State,0.58,11,12
Elon,0.58,11,11
Stony Brook,0.57,12,11
Lamar,0.56,11,13
Dayton,0.52,11,9
UCF,0.52,13,14
Texas Southern,0.52,9,10
Presbyterian,0.51,11,11
Iowa,0.49,14,12
Oklahoma,0.49,13,11
App State,0.49,13,14
UConn,0.44,15,12
Nebraska,0.42,15,12
Eastern Michigan,0.41,14,13
Syracuse,0.41,12,14
Southern Utah,0.37,12,11
Virginia Tech,0.36,13,12
Washington State,0.35,11,15
Penn State,0.33,14,12
Ole Miss,0.31,16,11
Delaware,0.29,13,9
Northern Colorado,0.28,12,11
Hampton,0.28,10,8
Saint Francis,0.27,10,10
Georgia Tech,0.26,12,11
Kent State,0.22,11,14
Maine,0.22,10,14
Tennessee State,0.21,11,11
Colorado,0.19,14,12
Fordham,0.18,11,11
Georgia,0.14,14,9
James Madison,0.14,16,12
East Carolina,0.12,12,13
Montana,0.1,14,12
South Florida,0.1,13,13
Southern Illinois,0.09,11,13
Navy,0.08,11,12
Northern Arizona,0.08,9,12
Sacramento State,0.06,12,12
USC,-0.0,14,13
Charleston Southern,-0.01,9,13
Miami (OH),-0.01,14,12
Tulsa,-0.02,12,13
Oregon,-0.05,15,12
Columbia,-0.05,10,10
North Carolina,-0.1,13,12
California,-0.14,13,13
Utah,-0.15,14,13
Richmond,-0.16,12,12
Lehigh,-0.18,9,12
Army,-0.25,13,9
Butler,-0.25,11,11
Vanderbilt,-0.26,15,11
Coastal Carolina,-0.28,13,14
Colorado State,-0.3,14,12
Iowa State,-0.32,13,12
Duke,-0.32,12,15
UL Monroe,-0.33,12,15
New Mexico State,-0.37,12,15
South Carolina,-0.38,16,11
Princeton,-0.39,10,11
West Virginia,-0.42,13,14
Furman,-0.44,11,14
Texas State,-0.49,14,12
Western Carolina,-0.51,10,12
Ohio State,-0.51,13,13
Grambling,-0.55,8,6
Arizona,-0.59,13,14
Texas Tech,-0.59,13,14
The Citadel,-0.6,9,13
Delaware State,-0.62,9,12
Air Force,-0.62,11,15
Brown,-0.63,9,11
Michigan,-0.66,12,13
San José State,-0.67,13,13
Baylor,-0.68,14,13
Rutgers,-0.78,13,14
Southern,-0.79,10,8
East Tennessee State,-0.79,13,12
West Georgia,-0.89,5,5
Louisiana,-0.91,14,14
UAlbany,-0.92,12,13
Sam Houston,-0.93,9,12
Tennessee,-0.95,16,11
Western Illinois,-0.96,9,11
Massachusetts,-0.97,14,12
South Dakota State,-0.98,13,12
Georgetown,-1.01,9,9
Wisconsin,-1.02,14,12
Troy,-1.03,14,15
Mercyhurst,-1.04,5,6
Buffalo,-1.05,14,12
Northern Illinois,-1.09,14,13
Merrimack,-1.11,8,12
Jackson State,-1.11,8,9
Miami,-1.12,13,14
Indiana State,-1.13,13,11
Tulane,-1.13,14,14
Missouri,-1.19,13,13
Cal Poly,-1.22,11,11
Auburn,-1.29,15,12
Liberty,-1.32,14,12
Western Kentucky,-1.32,13,15
Alabama State,-1.33,7,8
South Carolina State,-1.34,10,12
Campbell,-1.34,12,10
Memphis,-1.34,14,10
East Texas A&M,-1.34,10,7
New Mexico,-1.38,13,14
Rhode Island,-1.39,12,12
Wake Forest,-1.4,12,15
UCLA,-1.41,13,14
UTEP,-1.43,13,11
UNLV,-1.57,14,15
Maryland,-1.66,13,13
Weber State,-1.69,11,13
Stetson,-1.69,10,10
Morgan State,-1.7,9,10
South Alabama,-1.71,13,14
Cornell,-1.74,10,9
Arizona State,-1.79,14,13
Chattanooga,-1.95,11,13
Idaho State,-2.08,12,11
Middle Tennessee,-2.11,13,12
Boston College,-2.16,16,11
Holy Cross,-2.22,7,13
Tennessee Tech,-2.23,11,13
Norfolk State,-2.27,7,12
Missouri State,-2.29,13,10
Clemson,-2.34,15,12
Nevada,-2.36,12,14
Central Arkansas,-2.38,8,13
Bryant,-2.44,12,9
Charlotte,-2.51,12,15
Northwestern State,-2.56,10,10
Gardner-Webb,-2.65,12,10
Georgia State,-2.68,12,15
Bucknell,-2.71,11,12
Mississippi State,-2.72,14,12
New Hampshire,-2.72,11,12
Florida International,-2.76,8,12
Samford,-2.78,10,10
Portland State,-2.79,11,12
North Carolina Central,-2.94,9,11
Florida Atlantic,-3.26,13,14
Pennsylvania,-3.41,12,9
Michigan State,-3.48,11,14
Towson,-3.69,10,11
Bowling Green,-3.73,13,13
Virginia,-3.75,14,13
North Carolina A&T,-4.02,12,11
Illinois State,-4.49,12,14
Arkansas,-4.93,14,11
