variant,games,margin_rmse,win_pct_edge3,bets_edge3,win_pct_edge5,bets_edge5,win_pct_edge7,bets_edge7
baseline,974,19.75,0.508,849,0.512,754,0.513,645
+tempo,974,19.79,0.508,844,0.513,752,0.507,641
+fcs_weight,974,19.29,0.504,829,0.516,717,0.528,598
+huber,974,19.75,0.507,842,0.507,758,0.521,645
+fcs_weight+huber,974,19.45,0.5,836,0.51,725,0.525,602
all,974,19.56,0.504,825,0.512,724,0.524,607
all+matchup0.5,974,19.57,0.504,833,0.512,730,0.51,621
all+matchup,974,19.56,0.508,824,0.509,713,0.509,615
chosen,974,19.56,0.508,824,0.509,713,0.509,615
spread_model,974,16.64,0.515,621,0.498,422,0.49,263
spread a25,974,16.76,0.513,630,0.51,443,0.48,281
spread a75,974,16.67,0.52,639,0.501,429,0.511,282
spread a150,974,16.68,0.514,648,0.509,448,0.527,277
spread a25 free home field,974,16.9,0.516,634,0.489,446,0.49,292
