variant,games,rmse,bias,corr_edge_result,win_pct_edge3,bets_edge3,win_pct_edge5,bets_edge5,win_pct_edge7,bets_edge7
baseline,974,16.56,-0.33,0.067,0.518,583,0.54,389,0.543,230
+tempo,974,16.47,-0.11,0.061,0.515,567,0.534,343,0.538,197
+fcs_weight,974,16.5,0.02,0.076,0.531,573,0.542,384,0.563,222
+huber,974,16.55,-0.31,0.066,0.52,592,0.524,389,0.559,220
+fcs_weight+huber,974,16.48,0.02,0.078,0.536,571,0.542,384,0.569,211
all,974,16.36,0.01,0.076,0.524,548,0.533,345,0.54,189
all+matchup0.5,974,16.34,0.04,0.081,0.524,559,0.549,348,0.54,189
all+matchup,974,16.38,0.07,0.083,0.541,584,0.553,365,0.54,187
chosen,974,16.38,0.07,0.083,0.541,584,0.553,365,0.54,187
