team,conference,games,off_epa_raw,off_epa_adj,off_epa_adj_rank,off_success_rate_raw,off_success_rate_adj,off_success_rate_adj_rank,off_explosiveness_raw,off_explosiveness_adj,off_explosiveness_adj_rank,off_rush_epa_raw,off_rush_epa_adj,off_rush_epa_adj_rank,off_rush_success_rate_raw,off_rush_success_rate_adj,off_rush_success_rate_adj_rank,off_pass_epa_raw,off_pass_epa_adj,off_pass_epa_adj_rank,off_pass_success_rate_raw,off_pass_success_rate_adj,off_pass_success_rate_adj_rank,def_epa_raw,def_epa_adj,def_epa_adj_rank,def_success_rate_raw,def_success_rate_adj,def_success_rate_adj_rank,def_explosiveness_raw,def_explosiveness_adj,def_explosiveness_adj_rank,def_rush_epa_raw,def_rush_epa_adj,def_rush_epa_adj_rank,def_rush_success_rate_raw,def_rush_success_rate_adj,def_rush_success_rate_adj_rank,def_pass_epa_raw,def_pass_epa_adj,def_pass_epa_adj_rank,def_pass_success_rate_raw,def_pass_success_rate_adj,def_pass_success_rate_adj_rank,net_epa_adj,sos_opp_def_epa,sos_opp_off_epa
Miami,ACC,4,0.564,0.354,1,0.594,0.508,2,1.24,1.282,54,0.294,0.151,17,0.531,0.458,17,0.823,0.445,1,0.66,0.506,1,-0.005,0.027,32,0.359,0.385,46,1.143,1.201,35,-0.111,0.032,48,0.318,0.399,47,0.064,0.116,22,0.381,0.398,45,0.327,0.142,0.087
BYU,Big 12,3,0.546,0.29,4,0.597,0.495,3,1.223,1.203,108,0.497,0.189,8,0.608,0.478,5,0.599,0.296,21,0.59,0.458,21,-0.077,0.002,19,0.352,0.38,35,1.251,1.249,62,-0.013,0.046,62,0.358,0.402,53,-0.004,0.128,30,0.366,0.398,44,0.288,0.141,0.134
Georgia,SEC,4,0.41,0.25,13,0.56,0.489,6,1.117,1.197,115,0.368,0.156,14,0.581,0.473,8,0.503,0.288,26,0.549,0.454,25,-0.223,-0.018,11,0.305,0.366,16,1.148,1.248,61,-0.689,-0.106,1,0.186,0.364,2,0.061,0.159,59,0.378,0.402,53,0.268,0.1,0.063
Houston,Big 12,4,0.383,0.31,2,0.547,0.523,1,1.131,1.173,125,0.215,0.146,22,0.531,0.485,3,0.591,0.39,4,0.574,0.491,4,0.1,0.052,58,0.419,0.4,66,1.245,1.234,50,-0.06,0.002,24,0.391,0.398,46,0.272,0.208,84,0.452,0.426,102,0.258,0.081,0.169
Mississippi State,SEC,4,0.372,0.28,5,0.514,0.486,7,1.313,1.249,80,0.33,0.191,6,0.542,0.48,4,0.507,0.325,16,0.512,0.458,22,0.013,0.023,30,0.386,0.384,43,1.113,1.185,28,-0.005,0.028,42,0.375,0.397,40,0.056,0.113,19,0.395,0.398,46,0.257,0.098,0.112
Nebraska,Big Ten,4,0.426,0.271,7,0.492,0.456,31,1.476,1.355,20,0.344,0.181,9,0.496,0.45,29,0.526,0.3,20,0.48,0.434,45,-0.065,0.018,28,0.365,0.384,40,1.293,1.326,107,-0.102,0.016,31,0.356,0.398,45,-0.104,0.1,16,0.348,0.39,29,0.254,0.115,0.102
Oregon,Big Ten,4,0.292,0.238,17,0.448,0.444,44,1.54,1.383,11,0.159,0.113,44,0.439,0.432,58,0.385,0.288,27,0.45,0.434,46,0.062,-0.003,18,0.402,0.362,8,1.17,1.236,54,0.084,0.053,69,0.413,0.399,49,0.048,0.067,3,0.395,0.376,9,0.241,0.094,0.181
Alabama,SEC,4,0.363,0.232,19,0.5,0.463,24,1.353,1.272,60,0.297,0.148,20,0.508,0.456,19,0.469,0.283,32,0.495,0.439,41,-0.052,-0.005,16,0.352,0.37,23,1.462,1.374,123,-0.101,-0.014,14,0.311,0.37,9,0.004,0.132,36,0.377,0.406,65,0.237,0.11,0.164
Florida,SEC,4,0.43,0.276,6,0.541,0.482,10,1.325,1.296,43,0.38,0.209,2,0.507,0.459,16,0.535,0.29,25,0.593,0.467,9,0.012,0.041,46,0.427,0.412,91,1.202,1.256,64,0.044,0.062,76,0.438,0.425,96,0.134,0.178,71,0.435,0.422,94,0.235,0.123,0.154
Missouri,SEC,4,0.204,0.202,36,0.427,0.439,49,1.287,1.29,47,-0.011,0.055,94,0.371,0.41,106,0.482,0.339,12,0.482,0.449,29,-0.037,-0.031,7,0.344,0.355,4,1.533,1.396,129,-0.043,-0.004,19,0.35,0.38,18,0.054,0.114,20,0.345,0.377,10,0.233,0.079,0.158
Utah,Big 12,4,0.409,0.261,10,0.526,0.468,19,1.338,1.36,18,0.33,0.152,16,0.495,0.44,45,0.498,0.312,17,0.556,0.466,11,-0.051,0.032,39,0.326,0.371,26,1.278,1.279,78,-0.028,0.042,59,0.347,0.4,51,-0.1,0.097,15,0.302,0.374,8,0.229,0.11,0.091
Ohio State,Big Ten,4,0.408,0.26,11,0.551,0.491,5,1.286,1.283,52,0.175,0.095,63,0.495,0.447,34,0.623,0.364,7,0.602,0.487,6,0.002,0.044,50,0.378,0.393,55,1.349,1.308,98,0.074,0.077,90,0.467,0.439,123,-0.083,0.083,10,0.297,0.366,3,0.216,0.114,0.114
Indiana,Big Ten,4,0.441,0.232,20,0.51,0.44,47,1.389,1.342,24,0.223,0.094,64,0.462,0.418,90,0.747,0.352,10,0.58,0.455,23,-0.041,0.026,31,0.327,0.37,24,1.401,1.315,101,-0.135,0.018,32,0.271,0.378,15,0.097,0.172,69,0.398,0.413,77,0.206,0.146,0.164
LSU,SEC,4,0.229,0.179,46,0.47,0.447,40,1.301,1.287,49,0.189,0.105,55,0.446,0.426,75,0.32,0.242,57,0.486,0.439,40,-0.124,-0.025,9,0.287,0.337,1,1.159,1.236,55,-0.209,-0.011,16,0.26,0.37,8,-0.07,0.078,8,0.309,0.366,2,0.204,0.074,0.108
UCLA,Big Ten,4,0.288,0.183,44,0.502,0.454,33,1.238,1.241,84,0.465,0.235,1,0.594,0.491,2,0.056,0.127,123,0.39,0.4,111,-0.083,-0.015,12,0.345,0.369,19,1.323,1.305,97,-0.095,0.006,25,0.345,0.394,37,-0.036,0.085,11,0.355,0.378,14,0.198,0.128,0.109
Northwestern,Big Ten,3,0.33,0.254,12,0.482,0.463,23,1.302,1.274,59,0.167,0.121,38,0.435,0.429,64,0.563,0.326,15,0.544,0.46,16,0.106,0.071,70,0.448,0.428,113,1.124,1.17,20,0.122,0.081,93,0.476,0.44,124,0.069,0.138,40,0.413,0.416,80,0.182,0.022,0.185
Arizona,Big 12,4,0.251,0.22,23,0.5,0.469,18,1.209,1.247,82,0.153,0.109,50,0.5,0.452,24,0.344,0.286,28,0.511,0.459,18,0.015,0.041,45,0.361,0.369,22,1.474,1.434,135,0.037,0.035,53,0.356,0.387,23,0.07,0.157,57,0.366,0.389,26,0.179,0.083,0.111
Tennessee,SEC,4,0.189,0.161,57,0.43,0.424,78,1.208,1.281,55,0.327,0.193,5,0.476,0.441,43,0.078,0.141,116,0.382,0.4,108,-0.134,-0.012,14,0.355,0.381,36,1.084,1.205,37,0.043,0.073,86,0.368,0.402,54,-0.188,0.058,2,0.371,0.4,48,0.173,0.059,0.083
Texas Tech,Big 12,4,0.251,0.194,40,0.506,0.474,15,1.161,1.222,96,0.273,0.15,18,0.528,0.47,10,0.393,0.28,34,0.518,0.454,24,0.038,0.031,34,0.364,0.364,13,1.445,1.375,124,0.026,0.066,79,0.356,0.393,33,0.088,0.115,21,0.386,0.39,28,0.163,0.079,0.178
SMU,ACC,4,0.262,0.182,45,0.533,0.485,8,1.223,1.25,79,0.021,0.049,101,0.496,0.452,26,0.601,0.356,9,0.583,0.488,5,0.041,0.03,33,0.361,0.371,28,1.342,1.288,83,0.063,0.033,50,0.429,0.411,68,0.041,0.129,34,0.297,0.368,4,0.152,0.156,0.147
Oklahoma State,Big 12,4,0.123,0.143,69,0.473,0.465,22,1.095,1.187,119,0.03,0.065,87,0.456,0.443,40,0.289,0.258,48,0.507,0.464,13,-0.009,-0.003,17,0.379,0.385,45,1.199,1.218,41,0.081,0.034,51,0.43,0.413,70,-0.132,0.072,5,0.313,0.378,13,0.147,0.104,0.126
Virginia,ACC,4,0.333,0.197,39,0.511,0.453,35,1.159,1.198,114,0.284,0.142,25,0.504,0.444,38,0.493,0.273,41,0.553,0.452,26,-0.015,0.051,56,0.367,0.391,53,0.958,1.105,3,0.017,0.051,65,0.4,0.414,72,0.057,0.172,67,0.346,0.396,39,0.146,0.112,0.137
Wake Forest,ACC,4,0.286,0.2,37,0.452,0.436,54,1.336,1.303,35,0.133,0.098,59,0.461,0.434,53,0.412,0.276,38,0.435,0.422,72,0.156,0.055,61,0.45,0.405,76,1.113,1.169,18,0.02,0.026,39,0.379,0.39,24,0.264,0.174,70,0.51,0.44,125,0.145,0.137,0.21
Virginia Tech,ACC,4,0.271,0.243,16,0.492,0.477,13,1.263,1.285,51,0.178,0.141,26,0.504,0.468,12,0.369,0.285,29,0.485,0.448,32,0.046,0.099,87,0.383,0.403,74,1.258,1.263,70,-0.051,0.039,57,0.333,0.394,35,0.195,0.202,80,0.422,0.411,72,0.144,0.09,-0.011
Iowa,Big Ten,4,0.237,0.17,50,0.449,0.429,69,1.272,1.288,48,0.209,0.107,52,0.404,0.408,109,0.314,0.244,55,0.5,0.445,34,-0.041,0.032,36,0.316,0.364,12,1.112,1.186,29,-0.198,-0.027,10,0.304,0.381,19,0.224,0.215,89,0.347,0.393,32,0.138,0.096,0.107
Penn State,Big Ten,4,0.235,0.143,70,0.404,0.401,116,1.322,1.299,38,0.065,0.045,103,0.373,0.395,123,0.439,0.268,42,0.443,0.417,84,-0.067,0.011,24,0.309,0.363,9,1.283,1.256,65,0.155,0.097,108,0.321,0.391,27,-0.186,0.07,4,0.3,0.378,11,0.132,0.15,0.143
TCU,Big 12,4,0.138,0.134,73,0.435,0.427,72,1.278,1.296,42,-0.03,0.02,119,0.434,0.421,84,0.306,0.25,50,0.447,0.431,52,-0.074,0.003,20,0.391,0.39,50,0.973,1.124,4,-0.285,-0.08,3,0.354,0.386,22,0.146,0.194,77,0.422,0.418,84,0.131,0.082,0.121
Texas,SEC,4,0.081,0.094,99,0.449,0.429,67,1.13,1.202,109,0.02,0.02,118,0.455,0.427,69,0.248,0.225,64,0.452,0.423,66,-0.044,-0.033,6,0.344,0.355,5,1.08,1.159,13,-0.05,-0.001,21,0.366,0.391,28,-0.02,0.094,14,0.325,0.372,7,0.127,0.055,0.218
Wisconsin,Big Ten,4,0.12,0.15,65,0.399,0.425,74,1.464,1.38,12,0.201,0.127,36,0.353,0.4,119,0.124,0.196,81,0.455,0.441,37,-0.01,0.023,29,0.349,0.371,27,1.053,1.165,17,0.083,0.077,91,0.355,0.393,32,-0.003,0.108,17,0.371,0.396,40,0.127,0.033,0.13
Pittsburgh,ACC,4,0.264,0.176,47,0.463,0.431,63,1.309,1.292,45,0.162,0.085,74,0.463,0.43,60,0.397,0.25,51,0.47,0.423,69,-0.098,0.054,59,0.297,0.371,25,1.428,1.362,119,-0.139,0.029,44,0.316,0.397,39,-0.037,0.144,44,0.297,0.383,18,0.122,0.073,0.082
North Carolina,ACC,3,0.118,0.148,67,0.503,0.472,16,0.993,1.152,133,0.151,0.106,53,0.577,0.476,6,0.137,0.201,79,0.429,0.426,62,-0.027,0.032,38,0.392,0.401,71,1.069,1.169,19,0.058,0.068,81,0.429,0.424,94,0.021,0.129,32,0.374,0.397,42,0.116,0.077,0.097
Oklahoma,SEC,4,-0.083,0.04,124,0.376,0.412,95,1.125,1.177,124,-0.341,-0.071,137,0.34,0.4,118,0.266,0.249,52,0.419,0.425,64,-0.174,-0.073,2,0.307,0.343,2,1.25,1.265,72,-0.088,-0.008,17,0.296,0.364,1,-0.139,0.08,9,0.333,0.384,19,0.113,0.055,0.138
Kentucky,SEC,4,0.236,0.155,62,0.513,0.461,28,1.203,1.198,113,0.238,0.125,37,0.542,0.468,11,0.231,0.19,88,0.465,0.422,75,0.046,0.045,51,0.427,0.411,88,1.219,1.262,69,0.151,0.1,110,0.434,0.422,90,0.016,0.109,18,0.437,0.422,96,0.11,0.111,0.185
USC,Big Ten,5,0.336,0.27,8,0.54,0.491,4,1.226,1.303,36,0.089,0.07,81,0.493,0.444,39,0.602,0.397,2,0.591,0.497,3,0.183,0.16,121,0.411,0.417,97,1.403,1.321,105,0.034,0.071,84,0.4,0.419,83,0.489,0.328,135,0.449,0.432,113,0.11,0.047,0.118
Colorado,Big 12,4,0.081,0.123,81,0.404,0.421,86,1.201,1.219,99,-0.037,0.038,108,0.417,0.426,74,0.184,0.223,65,0.388,0.415,87,0.035,0.015,26,0.387,0.378,34,1.235,1.235,53,-0.15,-0.056,7,0.42,0.403,56,0.303,0.23,98,0.371,0.392,30,0.109,0.113,0.135
Louisville,ACC,4,0.33,0.214,29,0.486,0.442,45,1.389,1.378,13,0.192,0.106,54,0.474,0.433,55,0.461,0.281,33,0.5,0.435,44,0.122,0.114,94,0.417,0.401,73,1.221,1.261,67,0.008,0.066,80,0.457,0.438,119,0.38,0.277,120,0.382,0.395,36,0.1,0.096,0.159
Duke,ACC,4,0.268,0.126,77,0.44,0.406,107,1.283,1.257,70,0.223,0.101,57,0.418,0.406,113,0.374,0.219,67,0.468,0.419,78,-0.017,0.031,35,0.375,0.401,69,1.094,1.134,7,-0.2,-0.026,11,0.353,0.4,50,0.108,0.171,66,0.391,0.413,76,0.095,0.195,0.117
Kansas State,Big 12,4,0.268,0.168,52,0.488,0.446,41,1.253,1.253,77,0.277,0.132,33,0.533,0.456,20,0.271,0.209,74,0.455,0.428,55,0.011,0.073,71,0.324,0.384,42,1.447,1.35,114,0.157,0.105,115,0.367,0.409,65,-0.077,0.142,42,0.278,0.383,17,0.095,0.139,0.098
UCF,Big 12,4,0.032,0.071,110,0.42,0.423,83,1.147,1.19,118,0.061,0.052,98,0.43,0.421,83,0.03,0.155,107,0.416,0.418,80,-0.056,-0.013,13,0.346,0.368,17,1.327,1.28,79,-0.141,-0.024,12,0.294,0.367,3,0.078,0.145,45,0.4,0.408,69,0.084,0.053,0.159
Kansas,Big 12,3,0.136,0.12,85,0.413,0.411,96,1.53,1.416,7,0.048,0.051,99,0.415,0.412,102,0.17,0.18,96,0.393,0.404,103,-0.064,0.038,42,0.306,0.363,11,1.366,1.322,106,-0.121,0.02,33,0.274,0.373,11,0.25,0.228,97,0.362,0.403,55,0.082,0.075,0.087
Vanderbilt,SEC,4,0.082,0.083,105,0.415,0.413,93,1.171,1.21,105,0.161,0.109,49,0.421,0.419,88,0.202,0.173,99,0.449,0.422,73,-0.039,0.007,22,0.35,0.374,31,1.337,1.301,95,-0.019,0.031,46,0.383,0.408,63,0.011,0.127,28,0.336,0.382,16,0.076,0.081,0.167
Baylor,Big 12,4,0.08,0.087,102,0.4,0.406,108,1.265,1.249,81,0.003,0.033,112,0.44,0.43,61,0.205,0.171,100,0.378,0.386,129,-0.096,0.013,25,0.336,0.384,41,1.254,1.274,75,-0.239,-0.044,8,0.294,0.375,13,0.006,0.149,49,0.363,0.409,70,0.074,0.059,0.102
Iowa State,Big 12,4,0.119,0.12,84,0.381,0.405,111,1.346,1.301,37,0.121,0.089,70,0.392,0.409,107,0.18,0.193,82,0.393,0.409,97,-0.007,0.05,55,0.383,0.404,75,1.131,1.179,25,-0.057,0.042,60,0.379,0.419,81,0.107,0.166,63,0.385,0.401,51,0.07,0.055,0.1
NC State,ACC,4,0.203,0.192,41,0.469,0.46,29,1.189,1.239,87,0.11,0.086,73,0.437,0.427,71,0.351,0.291,24,0.515,0.468,7,0.182,0.126,101,0.427,0.411,89,1.275,1.291,86,0.151,0.073,87,0.485,0.437,117,0.329,0.246,107,0.398,0.404,59,0.066,0.073,0.112
Ole Miss,SEC,4,0.262,0.219,25,0.508,0.481,11,1.189,1.235,90,0.114,0.09,67,0.495,0.45,30,0.429,0.309,18,0.517,0.466,10,0.247,0.157,119,0.486,0.445,127,1.152,1.193,31,0.201,0.113,119,0.486,0.448,128,0.324,0.246,108,0.476,0.435,117,0.063,0.065,0.162
Michigan,Big Ten,4,0.162,0.115,87,0.434,0.416,90,1.222,1.265,66,0.04,0.036,110,0.398,0.405,116,0.411,0.243,56,0.495,0.428,57,-0.071,0.055,62,0.319,0.374,30,1.223,1.288,84,-0.129,0.028,41,0.312,0.391,30,-0.031,0.141,41,0.327,0.39,27,0.06,0.059,0.089
Cincinnati,Big 12,4,0.364,0.221,22,0.487,0.439,48,1.35,1.297,40,0.315,0.14,27,0.464,0.426,73,0.443,0.26,47,0.531,0.443,35,0.126,0.166,124,0.433,0.445,130,1.22,1.233,49,0.131,0.129,128,0.505,0.467,137,0.225,0.252,111,0.391,0.421,92,0.055,0.09,0.122
Auburn,SEC,4,0.116,0.112,89,0.422,0.415,91,1.28,1.253,76,0.166,0.097,61,0.449,0.427,70,0.132,0.151,111,0.401,0.399,112,0.008,0.06,66,0.379,0.395,61,1.228,1.268,74,-0.019,0.026,38,0.361,0.393,34,0.164,0.225,94,0.417,0.429,106,0.052,0.042,0.132
Maryland,Big Ten,4,0.137,0.126,78,0.455,0.435,56,1.305,1.304,34,0.058,0.067,84,0.395,0.408,110,0.183,0.182,94,0.489,0.446,33,0.065,0.073,74,0.397,0.398,65,1.297,1.282,82,-0.04,0.013,29,0.367,0.392,31,0.221,0.227,95,0.452,0.435,118,0.052,0.067,0.129
Washington,Big Ten,4,0.143,0.091,100,0.448,0.412,94,1.193,1.24,86,0.061,0.028,114,0.406,0.398,121,0.255,0.19,85,0.472,0.422,71,-0.128,0.043,47,0.35,0.401,72,1.183,1.246,60,-0.2,0.001,23,0.333,0.399,48,0.042,0.196,78,0.385,0.422,93,0.048,0.082,0.059
Clemson,ACC,4,-0.037,0.031,129,0.336,0.377,130,1.171,1.226,95,0.091,0.068,83,0.344,0.386,130,-0.004,0.124,124,0.343,0.389,127,-0.045,-0.005,15,0.392,0.384,44,1.136,1.211,39,0.208,0.12,123,0.495,0.443,126,-0.141,0.037,1,0.321,0.368,6,0.036,0.053,0.133
Illinois,Big Ten,4,0.289,0.225,21,0.507,0.467,21,1.316,1.324,28,0.229,0.134,31,0.49,0.442,42,0.362,0.278,36,0.53,0.467,8,0.264,0.203,134,0.455,0.439,121,1.279,1.264,71,0.166,0.117,121,0.435,0.432,108,0.382,0.287,123,0.487,0.447,132,0.022,0.058,0.146
Arizona State,Big 12,3,0.039,0.075,109,0.429,0.431,64,1.271,1.262,68,-0.042,0.047,102,0.395,0.422,81,0.222,0.19,87,0.475,0.433,49,0.034,0.055,60,0.384,0.394,57,1.185,1.201,34,-0.041,0.031,47,0.413,0.415,73,0.113,0.166,62,0.338,0.389,25,0.02,0.119,0.133
South Carolina,SEC,4,0.192,0.159,58,0.442,0.429,68,1.288,1.283,53,0.32,0.166,12,0.496,0.452,25,0.102,0.16,104,0.383,0.394,120,0.189,0.142,111,0.377,0.388,47,1.524,1.423,133,-0.063,0.022,36,0.345,0.391,29,0.498,0.319,133,0.421,0.418,83,0.017,0.072,0.153
Syracuse,ACC,3,0.039,0.051,114,0.396,0.408,101,1.347,1.275,58,0.189,0.094,66,0.461,0.433,56,0.015,0.131,122,0.358,0.396,117,-0.048,0.039,43,0.386,0.405,77,1.045,1.159,14,0.128,0.095,106,0.451,0.433,111,-0.219,0.075,7,0.315,0.386,21,0.012,0.12,0.088
Minnesota,Big Ten,4,0.102,0.087,103,0.45,0.429,66,1.138,1.187,120,-0.071,0.024,116,0.45,0.43,62,0.265,0.202,78,0.46,0.425,63,0.048,0.08,79,0.394,0.401,68,1.32,1.32,104,0.131,0.09,101,0.434,0.424,92,0.175,0.207,83,0.381,0.404,61,0.007,0.114,0.12
Florida State,ACC,4,0.263,0.203,35,0.442,0.433,57,1.528,1.416,8,0.242,0.137,29,0.455,0.435,50,0.384,0.275,39,0.426,0.418,83,0.264,0.207,135,0.448,0.426,109,1.401,1.349,112,0.152,0.102,113,0.426,0.417,75,0.398,0.305,131,0.473,0.443,128,-0.004,0.073,0.14
Purdue,Big Ten,4,0.287,0.22,24,0.472,0.452,36,1.237,1.257,72,0.078,0.074,77,0.417,0.424,78,0.506,0.33,14,0.532,0.458,19,0.377,0.229,137,0.511,0.461,136,1.402,1.339,108,0.368,0.169,138,0.559,0.467,138,0.388,0.281,121,0.454,0.436,120,-0.009,0.048,0.192
West Virginia,Big 12,4,0.191,0.148,66,0.447,0.423,79,1.201,1.29,46,0.177,0.112,47,0.472,0.436,49,0.256,0.204,76,0.385,0.4,110,0.176,0.167,125,0.451,0.441,123,1.21,1.238,56,0.001,0.053,68,0.402,0.417,76,0.372,0.299,129,0.512,0.466,136,-0.018,0.081,0.134
Georgia Tech,ACC,4,0.16,0.13,76,0.453,0.432,60,1.245,1.257,73,0.146,0.089,69,0.473,0.434,52,0.196,0.186,92,0.445,0.422,70,0.191,0.166,123,0.424,0.432,117,1.278,1.279,77,0.099,0.094,105,0.466,0.45,131,0.408,0.292,127,0.37,0.407,67,-0.036,0.082,0.138
Rutgers,Big Ten,4,0.136,0.109,90,0.48,0.448,38,1.385,1.343,23,0.02,0.044,104,0.487,0.445,37,0.356,0.229,61,0.477,0.43,54,0.192,0.158,120,0.468,0.448,131,1.21,1.221,44,0.151,0.113,120,0.496,0.455,133,0.346,0.255,114,0.448,0.429,107,-0.049,0.099,0.13
Texas A&M,SEC,4,0.042,0.058,112,0.426,0.413,92,1.112,1.2,110,0.02,0.027,115,0.458,0.429,65,0.106,0.152,109,0.398,0.397,115,0.084,0.107,91,0.413,0.409,81,1.27,1.294,88,-0.14,-0.005,18,0.372,0.4,52,0.385,0.287,124,0.459,0.434,115,-0.05,0.057,0.123
Arkansas,SEC,4,0.044,0.088,101,0.426,0.433,58,1.104,1.158,130,-0.057,0.033,113,0.38,0.409,108,0.184,0.181,95,0.469,0.437,42,0.188,0.144,112,0.422,0.416,96,1.034,1.159,15,0.23,0.128,127,0.467,0.438,120,0.181,0.21,86,0.388,0.41,71,-0.056,0.013,0.172
Michigan State,Big Ten,4,0.014,0.048,118,0.441,0.437,52,1.066,1.108,136,-0.036,0.013,123,0.418,0.422,82,0.144,0.164,103,0.474,0.434,47,0.158,0.107,90,0.428,0.414,94,1.321,1.299,92,0.06,0.057,73,0.455,0.431,104,0.229,0.212,88,0.38,0.405,63,-0.059,0.042,0.176
California,ACC,4,-0.011,0.05,117,0.392,0.403,112,1.228,1.257,69,-0.074,-0.006,131,0.359,0.388,128,0.12,0.186,91,0.421,0.422,74,0.046,0.113,93,0.38,0.409,82,1.379,1.35,113,0.262,0.145,132,0.441,0.432,109,-0.049,0.129,33,0.325,0.389,24,-0.063,0.047,0.049
Boston College,ACC,4,-0.045,-0.032,137,0.385,0.376,131,1.161,1.228,93,-0.006,0.002,128,0.439,0.413,100,0.034,0.106,132,0.345,0.378,133,0.002,0.052,57,0.395,0.401,70,1.241,1.243,59,0.007,0.047,63,0.39,0.406,59,0.155,0.209,85,0.422,0.424,101,-0.084,0.131,0.131
Stanford,ACC,4,0.21,0.125,80,0.413,0.394,122,1.277,1.296,41,0.028,0.019,120,0.427,0.406,114,0.349,0.246,53,0.395,0.398,114,0.293,0.226,136,0.463,0.448,132,1.368,1.353,117,0.206,0.125,124,0.491,0.452,132,0.409,0.325,134,0.446,0.438,123,-0.101,0.102,0.164
