team,conference,games,wins,losses,points_against,points_allowed_per_game,yards_allowed_per_game,yards_per_play_allowed,rush_yards_allowed_per_game,yards_per_rush_allowed,pass_yards_allowed_per_game,yards_per_pass_att_allowed,third_down_pct_allowed,sacks_per_game,tfl_per_game,takeaways,turnover_margin,firstDownsOpponent,fourthDownConversionsOpponent,fourthDownsOpponent,fumblesLostOpponent,fumblesRecovered,interceptionTDs,interceptionYards,interceptionsOpponent,netPassingYardsOpponent,passAttemptsOpponent,passCompletionsOpponent,passesIntercepted,passingTDsOpponent,penaltiesOpponent,penaltyYardsOpponent,possessionTimeOpponent,rushingAttemptsOpponent,rushingTDsOpponent,rushingYardsOpponent,sacks,tacklesForLoss,thirdDownConversionsOpponent,thirdDownsOpponent,totalYardsOpponent,turnoversOpponent,adv_def_drives,adv_def_explosiveness,adv_def_fieldPosition_averagePredictedPoints,adv_def_fieldPosition_averageStart,adv_def_havoc_db,adv_def_havoc_frontSeven,adv_def_havoc_total,adv_def_lineYards,adv_def_lineYardsTotal,adv_def_openFieldYards,adv_def_openFieldYardsTotal,adv_def_passingDowns_explosiveness,adv_def_passingDowns_ppa,adv_def_passingDowns_rate,adv_def_passingDowns_successRate,adv_def_passingDowns_totalPPA,adv_def_passingPlays_explosiveness,adv_def_passingPlays_ppa,adv_def_passingPlays_rate,adv_def_passingPlays_successRate,adv_def_passingPlays_totalPPA,adv_def_plays,adv_def_pointsPerOpportunity,adv_def_powerSuccess,adv_def_ppa,adv_def_rushingPlays_explosiveness,adv_def_rushingPlays_ppa,adv_def_rushingPlays_rate,adv_def_rushingPlays_successRate,adv_def_rushingPlays_totalPPA,adv_def_secondLevelYards,adv_def_secondLevelYardsTotal,adv_def_standardDowns_explosiveness,adv_def_standardDowns_ppa,adv_def_standardDowns_rate,adv_def_standardDowns_successRate,adv_def_stuffRate,adv_def_successRate,adv_def_totalOpportunies,adv_def_totalPPA
Alabama,SEC,4,4,0,81,20.2,315.2,5.21,93.8,2.91,221.5,7.84,0.231,2.75,5.25,9,5,58,7,12,3,3,3,109,6,886,113,66,6,5,28,236,6385,129,4,375,11,21,12,52,1261,9,42,1.4825947022052899,-0.943,75.3,0.08,0.108,0.189,2.044660194174757,211,0.7864077669902912,0,2.2131513326083243,0.06878110627244129,0.3470319634703196,0.25,0.41725916344337566,1.840932728109,0.003936407202295997,0.4840182648401826,0.37735849056603776,0.41725916344337566,219,3.823529411764706,0.5625,-0.052492675019713594,1.1052259874073953,-0.10104120463314777,0.4703196347031963,0.3106796116504854,-10.407244077214221,0.7766990291262136,80,1.2432744267284337,-0.11694587346869102,0.6529680365296804,0.40559440559440557,0.27184466019417475,0.3515981735159817,17,-11.495895829317277
Arizona,Big 12,4,3,1,76,19.0,308.5,5.02,80.2,3.06,228.2,6.48,0.375,2.75,6.25,3,-3,68,4,9,1,1,0,0,2,913,141,88,2,5,22,162,6585,105,3,321,11,25,21,56,1234,3,40,1.3965789087254679,-1.089,74,0.06,0.108,0.168,2.650574712643678,231,0.7241379310344828,0,2.1914375336061145,0.2844413577179981,0.3920704845814978,0.29213483146067415,9.437713451050932,1.5755915005294998,0.07043069739590248,0.5903083700440529,0.3656716417910448,9.437713451050932,227,2.823529411764706,1,0.015336682779295209,1.0648272508711474,0.03667864571358128,0.3832599118942731,0.3563218390804598,3.1910421770815716,1.0459770114942528,91,1.0275374043165961,-0.15821633221740447,0.6079295154185022,0.4057971014492754,0.26436781609195403,0.36123348017621143,17,3.481426990900012
Arizona State,Big 12,3,2,1,72,24.0,285.7,4.68,124.3,3.69,161.3,5.9,0.3,1.67,4.33,4,-1,47,1,6,2,2,0,11,2,484,82,43,2,4,10,82,5366,101,2,373,5,13,12,40,857,4,33,1.202630767231941,-1.373,70,0.069,0.09,0.159,3.010666666666667,226,0.7466666666666667,0,2.163340931278068,0.07004290976428647,0.37735849056603776,0.21666666666666667,8.697524627766466,1.7101703362208738,0.1129548652956684,0.48427672955974843,0.33766233766233766,8.697524627766466,159,2.6842105263157894,0.625,0.03384113587054807,0.7671055327703323,-0.041038477391521805,0.4716981132075472,0.41333333333333333,-3.0778858043641355,0.9466666666666667,71,0.942438431136115,0.011900666844039957,0.6226415094339622,0.48484848484848486,0.14666666666666667,0.3836477987421384,19,5.380740603417144
Arkansas,SEC,4,2,2,108,27.0,325.0,5.8,125.0,4.2,200.0,7.62,0.409,2.0,4.25,4,-2,66,3,5,3,3,0,14,1,800,105,69,1,4,29,233,6287,119,11,500,8,17,18,44,1300,4,38,1.0976560923074639,-1.391,69.8,0.048,0.096,0.144,3.328888888888889,300,1.3555555555555556,0,1.5315757778604024,0.14214247074697217,0.29444444444444445,0.18867924528301888,15.413749080017311,1.3861167773463043,0.1813382244707919,0.4722222222222222,0.38823529411764707,15.413749080017311,180,5.142857142857143,0.9166666666666666,0.18844734318459627,0.8951072044594088,0.23039843613723654,0.5,0.4666666666666667,20.73585925235129,1.2444444444444445,112,1.0319106854055036,0.20777142380817168,0.7055555555555556,0.5196850393700787,0.12222222222222222,0.4222222222222222,21,33.92052177322733
Auburn,SEC,4,3,1,83,20.8,365.8,4.75,127.0,3.1,238.8,6.63,0.343,2.75,7.25,6,0,85,11,16,1,1,1,43,5,955,144,87,5,4,40,306,8191,164,5,508,11,29,23,67,1463,6,44,1.2341471114657923,-1.225,72.5,0.054,0.101,0.155,2.4923611111111112,359,0.6319444444444444,0,2.2345845478495274,0.18798915241236408,0.2956810631229236,0.29213483146067415,23.65280673307967,1.5256211362789005,0.16425560231305328,0.47840531561461797,0.4166666666666667,23.65280673307967,301,3.5,0.6818181818181818,0.007582556764064958,0.9379778237087851,-0.019434387836238545,0.47840531561461797,0.3611111111111111,-2.7985518484183505,0.6111111111111112,88,0.9385633234433249,-0.06815417442790968,0.7043189368770764,0.41509433962264153,0.19444444444444445,0.3787375415282392,22,2.2823495859835523
BYU,Big 12,3,3,0,47,15.7,271.0,4.44,76.0,2.85,195.0,5.68,0.436,1.33,5.33,6,4,48,1,3,1,1,0,55,5,585,103,63,5,3,12,95,5204,80,3,228,4,16,17,39,813,6,27,1.2619008104612157,-1.131,72.8,0.08,0.091,0.171,2.5792452830188677,137,0.49056603773584906,0,2.133767694636761,0.2260924528637959,0.359375,0.32608695652173914,-0.2866579838860268,1.4012829821981294,-0.004037436392760941,0.5546875,0.36619718309859156,-0.2866579838860268,128,3.75,0.8333333333333334,-0.07691517644829879,1.0711673122949128,-0.013248124232230655,0.4140625,0.3584905660377358,-0.7021505843082246,0.6981132075471698,37,0.8259673683734429,-0.2468950660624007,0.640625,0.36585365853658536,0.22641509433962265,0.3515625,12,-9.845142585382245
Baylor,Big 12,4,3,1,52,13.0,306.0,4.26,97.0,2.79,209.0,5.65,0.369,3.75,9.0,7,-1,80,1,7,3,3,0,10,4,836,148,89,4,2,34,297,7010,139,4,388,15,36,24,65,1224,7,48,1.1420690126952717,-1.38,71.1,0.076,0.138,0.214,2.5621848739495796,305,0.5798319327731093,0,1.668702388547789,0.05559961733378166,0.35793357933579334,0.27835051546391754,0.933543872826342,1.2871905268600097,0.006394136115248917,0.5387453874538746,0.363013698630137,0.933543872826342,271,1.9583333333333333,0.42857142857142855,-0.09632973454242225,0.9699172677613014,-0.23875394775143924,0.43911439114391143,0.29411764705882354,-28.41171978242127,0.8907563025210085,106,0.9198955572574908,-0.18102598242743248,0.6420664206642066,0.367816091954023,0.25210084033613445,0.33579335793357934,24,-26.10535806099643
Boston College,ACC,4,2,2,92,23.0,340.8,5.01,175.0,4.29,165.8,6.08,0.37,2.5,6.5,8,1,77,4,10,2,2,0,10,6,663,109,73,6,7,20,173,7322,163,4,700,10,26,20,54,1363,8,46,1.2373410366856836,-1.392,69.7,0.054,0.12,0.174,3.015584415584416,464,1.1883116883116882,0,1.8717537450334325,0.25862818488116557,0.3079710144927536,0.38823529411764707,18.00711213474215,1.4916201109610614,0.1552337252995013,0.42028985507246375,0.4224137931034483,18.00711213474215,276,3.391304347826087,0.65,0.0018121895071706127,1.029679792694125,0.007395566464195553,0.5579710144927537,0.38961038961038963,1.1389172354861152,1.0844155844155845,167,0.961872360692582,-0.11247765136607321,0.6920289855072463,0.39790575916230364,0.19480519480519481,0.39492753623188404,23,0.5001643039790891
California,ACC,4,2,2,94,23.5,364.5,5.42,190.5,5.29,174.0,5.57,0.414,1.75,3.5,7,0,80,4,4,1,1,1,80,6,696,125,67,6,2,37,345,7296,144,9,762,7,14,24,58,1458,7,43,1.3571719029133062,-1.581,68,0.067,0.063,0.131,3.2765765765765766,364,2.4234234234234235,0,2.2065597278579543,-0.007451365676379304,0.34710743801652894,0.23809523809523808,-6.078261687075956,1.6378869841205619,-0.04941676168354435,0.5082644628099173,0.3252032520325203,-6.078261687075956,242,2.6153846153846154,0.9333333333333333,0.04561021779123409,1.136653629938459,0.2615263017825508,0.45867768595041325,0.44144144144144143,29.02941949786314,1.144144144144144,127,1.1212308404286817,0.07382017355882602,0.6528925619834711,0.45569620253164556,0.11711711711711711,0.38016528925619836,26,11.037672705478649
Cincinnati,Big 12,4,4,0,82,20.5,371.5,5.59,117.5,4.05,254.0,6.77,0.407,1.75,5.0,6,4,82,2,6,3,3,0,0,3,1016,150,89,3,3,26,189,7114,116,6,470,7,20,22,54,1486,6,40,1.1960843591500052,-0.99,75.5,0.056,0.107,0.163,3.3018691588785045,353,1.2710280373831775,0,1.7317374381890527,0.26665104620751945,0.31496062992125984,0.35,31.016182032349125,1.559769637930937,0.22475494226339945,0.5433070866141733,0.391304347826087,31.016182032349125,254,3.9473684210526314,0.6666666666666666,0.12632948862514173,0.8275714990832954,0.1308443124813597,0.421259842519685,0.5046728971962616,14.000341435505486,1.2710280373831775,136,1.0131784297220379,0.06181382996657727,0.6850393700787402,0.47126436781609193,0.1588785046728972,0.4330708661417323,19,32.087690110786
Clemson,ACC,4,3,1,88,22.0,372.5,5.21,157.8,4.44,214.8,5.97,0.39,2.0,4.25,6,-1,84,2,7,2,2,0,9,4,859,144,79,4,4,27,248,7432,142,5,631,8,17,23,59,1490,6,43,1.1311235985644492,-1.083,74.5,0.087,0.076,0.163,3.6171171171171173,402,0.7927927927927928,0,1.7234402464987297,0.21155047181396658,0.34509803921568627,0.36363636363636365,-19.784407747334757,1.509221148127966,-0.14131719819524827,0.5490196078431373,0.32142857142857145,-19.784407747334757,255,2.3461538461538463,0.7894736842105263,-0.04492073855390644,0.8217710580124807,0.20777246001901004,0.43529411764705883,0.4954954954954955,23.062743062110115,1.4504504504504505,161,0.852386352477729,-0.18006724461601917,0.6549019607843137,0.40718562874251496,0.11711711711711711,0.39215686274509803,26,-11.454788331246144
Colorado,Big 12,4,2,2,98,24.5,355.0,5.04,119.0,3.28,236.0,6.89,0.4,2.0,8.25,5,-2,83,1,4,3,3,0,0,2,944,137,75,2,8,33,248,7273,145,2,476,8,33,24,60,1420,5,45,1.1815313581787075,-1.587,67.4,0.064,0.138,0.201,2.351785714285714,263,0.375,0,1.8951553251075006,0.20474381120778978,0.35319148936170214,0.30120481927710846,35.12057041064846,1.9053941147542568,0.30276353802283157,0.49361702127659574,0.3706896551724138,35.12057041064846,235,2.935483870967742,0.6875,0.03529499247335549,0.5358468768833113,-0.1503097765419971,0.4765957446808511,0.41964285714285715,-16.834694972703673,0.875,98,0.9112192494935584,-0.057232980914526395,0.6468085106382979,0.4342105263157895,0.29464285714285715,0.3872340425531915,31,8.29432323123854
Duke,ACC,4,4,0,44,11.0,261.8,4.51,63.8,2.34,198.0,6.44,0.26,2.75,5.5,3,1,55,1,8,2,2,0,19,1,792,123,73,1,5,34,280,6425,109,0,255,11,22,13,50,1047,3,38,1.0812460235435832,-1.122,73.7,0.077,0.106,0.183,2.7011764705882353,230,0.6588235294117647,0,1.9737800597696498,-0.10018900925553556,0.325,0.18461538461538463,11.836847448878105,1.4966477412555201,0.10760770408071005,0.55,0.39090909090909093,11.836847448878105,200,2.588235294117647,0.6666666666666666,-0.017473901958921075,0.43985276346171254,-0.199594955785942,0.425,0.35294117647058826,-16.965571241805073,0.5529411764705883,47,0.911239540452904,0.022351890443152566,0.675,0.4666666666666667,0.16470588235294117,0.375,17,-3.4947803917842153
Florida,SEC,4,4,0,91,22.8,351.2,5.02,103.0,3.43,248.2,6.21,0.413,3.0,6.75,8,4,83,7,12,4,4,0,2,4,993,160,100,4,5,30,277,6224,120,6,412,12,27,26,63,1405,8,38,1.190277380570462,-1.096,73.2,0.09,0.114,0.204,3.39,271,0.55,0,1.753234516870208,0.12943401417643213,0.30454545454545456,0.3582089552238806,17.59578224181261,1.3867744402657896,0.1343189484107833,0.5954545454545455,0.4351145038167939,17.59578224181261,220,4.045454545454546,0.8181818181818182,0.011930264746119837,0.8750498811094793,0.04413018382724868,0.36363636363636365,0.4375,3.5304147061798945,0.9875,79,0.997263505267692,-0.03952562552728489,0.6954545454545454,0.45751633986928103,0.1,0.42727272727272725,22,2.624658244146364
Florida State,ACC,4,2,2,101,25.2,429.8,6.32,139.8,4.2,290.0,8.35,0.458,1.75,6.0,5,-1,89,5,8,2,0,0,3,3,1160,139,90,3,8,31,260,7652,133,4,559,7,24,27,59,1719,5,41,1.3860548368856032,-1.138,73.3,0.054,0.101,0.156,3.068695652173913,353,1.173913043478261,0,2.153670190472494,0.3870873900428141,0.336,0.3333333333333333,51.39354814634144,1.6907885678762422,0.39839959803365455,0.516,0.4728682170542636,51.39354814634144,250,3.5238095238095237,0.9166666666666666,0.2643748437947692,0.9896040033875005,0.15208326650023377,0.46,0.4260869565217391,17.489575647526884,1.0434782608695652,120,1.1301830523566394,0.20227933846443324,0.664,0.5060240963855421,0.17391304347826086,0.448,21,66.0937109486923
Georgia,SEC,4,4,0,53,13.2,232.5,3.54,50.5,1.63,182.0,5.24,0.323,2.75,6.5,9,5,61,3,7,6,6,0,99,3,728,139,87,3,4,21,150,7346,124,3,202,11,26,20,62,930,9,35,1.1005910705210753,-1.157,72,0.064,0.124,0.188,1.3864406779661016,82,1.3559322033898304,0,2.0874759188629124,-0.056658228466325795,0.4155844155844156,0.203125,5.485614320052802,1.3739496552835486,0.06095127022280891,0.5844155844155844,0.37777777777777777,5.485614320052802,154,3,0.2,-0.22261574142045915,0.2905692228495828,-0.6891537446529311,0.38311688311688313,0.1864406779661017,-40.660070934522935,0.4745762711864407,28,0.7232527461550787,-0.3406299728545095,0.5844155844155844,0.37777777777777777,0.2542372881355932,0.3051948051948052,16,-34.28282417875071
Georgia Tech,ACC,4,1,3,104,26.0,381.5,5.55,189.0,4.27,192.5,7.86,0.414,1.5,7.0,2,-3,82,6,8,1,1,0,1,1,770,98,56,1,6,36,351,7546,177,5,756,6,28,24,58,1526,2,41,1.2766579312382424,-1.318,70.4,0.039,0.121,0.16,3.037888198757764,489,0.8633540372670807,0,2.1254184681285166,0.40275535895087927,0.3210332103321033,0.3563218390804598,40.817543731295444,2.0888731316703253,0.4081754373129544,0.36900369003690037,0.37,40.817543731295444,271,3.6538461538461537,0.7222222222222222,0.19081232898659917,0.8740425204604051,0.09881856324841075,0.5940959409594095,0.4658385093167702,15.90978868299413,1.0062111801242235,162,0.9634248759573081,0.09060013547087978,0.6789667896678967,0.45652173913043476,0.16770186335403728,0.42435424354243545,26,51.710141155368376
Houston,Big 12,4,3,1,82,20.5,325.8,5.43,63.5,2.42,262.2,7.77,0.353,2.0,4.75,6,3,68,5,11,3,3,0,5,3,1049,135,83,3,6,25,185,6511,105,6,254,8,19,18,51,1303,6,38,1.3083546638985355,-0.982,75.5,0.114,0.098,0.211,2.579310344827586,224,0.6551724137931034,0,2.026434399419629,0.230424794521224,0.314410480349345,0.3194444444444444,36.74733818059598,1.5741713409360258,0.2722025050414517,0.5895196506550219,0.45185185185185184,36.74733818059598,229,4.8125,0.6428571428571429,0.09996253793547621,0.8391701714302895,-0.05997825309253886,0.3799126637554585,0.39080459770114945,-5.218108019050881,0.6551724137931034,57,1.0821103636658622,0.040132713259209724,0.6855895196506551,0.46496815286624205,0.1839080459770115,0.4192139737991266,16,22.891421187224054
Illinois,Big Ten,4,2,2,106,26.5,391.0,5.73,136.0,3.83,255.0,7.79,0.418,0.75,4.0,2,0,88,8,12,0,,2,147,2,1020,131,82,2,9,32,275,7877,142,4,544,3,16,23,55,1564,2,34,1.2838335601221191,-1.272,71.6,0.062,0.069,0.131,2.9233870967741935,363,0.5967741935483871,0,1.7620695492838585,0.3422973675177085,0.28688524590163933,0.35714285714285715,44.749622867036365,1.5081032245947632,0.3824754091199689,0.47950819672131145,0.48717948717948717,44.749622867036365,244,3.8636363636363638,0.8,0.2643507102149212,1.047104469845439,0.16581606823298478,0.5081967213114754,0.43548387096774194,20.561192460890112,1.1129032258064515,138,1.1448114702495205,0.23299285957586882,0.7131147540983607,0.4942528735632184,0.1693548387096774,0.45491803278688525,22,64.50157329244077
Indiana,Big Ten,4,4,0,39,9.8,233.8,4.03,65.8,2.17,168.0,6.05,0.302,2.75,8.25,3,2,54,2,8,0,0,1,71,3,672,111,72,3,2,27,202,6848,121,2,263,11,33,16,53,935,3,32,1.4279162576395634,-1.023,74.8,0.03,0.169,0.198,2.327058823529412,198,0.3176470588235294,0,2.068981224908514,0.20607310784207922,0.3469387755102041,0.27941176470588236,10.012228976832493,1.6146440054915463,0.09720610657118925,0.5255102040816326,0.39805825242718446,10.012228976832493,196,2.857142857142857,0.625,-0.0408298390344406,1.0950537505990723,-0.135375323590269,0.4336734693877551,0.27058823529411763,-11.506902505172864,0.7647058823529411,65,1.157244382570451,-0.17199702956259175,0.6530612244897959,0.3515625,0.18823529411764706,0.32653061224489793,14,-8.002648450750357
Iowa,Big Ten,4,4,0,32,8.0,239.8,4.1,87.8,2.7,152.0,5.85,0.268,2.25,4.5,5,4,46,0,2,1,1,0,22,4,608,104,54,4,3,25,216,7121,130,0,351,9,18,15,56,959,5,36,1.10355346520786,-0.918,77.1,0.091,0.082,0.173,2.6902173913043477,248,0.40217391304347827,0,2.0769869976813973,0.2140370501475058,0.3563218390804598,0.24193548387096775,16.831359659948802,1.8529400326908168,0.22441812879931738,0.43103448275862066,0.3466666666666667,16.831359659948802,174,2.1666666666666665,0.625,-0.04141723676083781,0.4332935340746253,-0.19762388192388494,0.5287356321839081,0.30434782608695654,-18.181397136997415,0.4891304347826087,45,0.7385158905302835,-0.18282943129938514,0.6436781609195402,0.35714285714285715,0.1956521739130435,0.3160919540229885,12,-7.206599196385779
Iowa State,Big 12,4,2,2,64,16.0,272.5,4.58,113.8,3.32,158.8,6.29,0.283,1.75,6.25,5,1,58,4,6,3,3,0,7,2,635,101,65,2,3,24,193,7309,137,4,455,7,25,15,53,1090,5,42,1.1007549630354105,-1.429,69.8,0.049,0.128,0.177,2.696116504854369,278,1.2621359223300972,0,2.270793619375743,-0.06597434766881186,0.3155339805825243,0.16923076923076924,10.227821313852997,1.4113765277855825,0.1065398053526354,0.46601941747572817,0.3854166666666667,10.227821313852997,206,2.0476190476190474,0.6470588235294118,-0.006513247881689608,0.8564049710695635,-0.057316377394638164,0.5,0.3786407766990291,-5.903586871647731,0.7766990291262136,80,0.9114840039215333,0.020897897410246176,0.6844660194174758,0.48226950354609927,0.18446601941747573,0.38349514563106796,21,-1.3417290636280594
Kansas,Big 12,3,1,2,68,22.7,281.0,4.44,115.0,2.95,166.0,6.82,0.283,1.67,7.33,2,-5,45,3,4,2,2,,,0,498,73,40,,4,20,181,5337,117,3,345,5,22,13,46,843,2,35,1.3263920573360948,-1.549,66.2,0.056,0.144,0.2,2.0757894736842104,197,0.9052631578947369,0,2.123755195649836,-0.07623698081419691,0.3941176470588235,0.22388059701492538,17.27858618419014,1.7631862518882444,0.25041429252449476,0.40588235294117647,0.36231884057971014,17.27858618419014,170,3.238095238095238,0.7272727272727273,-0.0640884543253059,0.9078722506910987,-0.12061783378275981,0.5588235294117647,0.2736842105263158,-11.45869420936218,0.5684210526315789,54,1.0031367309926862,-0.05618601476457096,0.6058823529411764,0.3592233009708738,0.2631578947368421,0.3058823529411765,21,-10.895037235302002
Kansas State,Big 12,4,3,1,61,15.2,246.0,4.51,139.8,3.99,106.2,5.45,0.333,3.0,9.25,3,-1,53,1,2,3,3,,,0,425,78,37,,2,18,143,6298,140,4,559,12,37,18,54,984,3,35,1.4864998670813523,-1.124,74.1,0.045,0.193,0.238,3.039795918367347,298,1.7959183673469388,0,2.1508218353733306,0.22837533461035622,0.4010989010989011,0.2876712328767123,-6.103765136217886,1.5881148536175314,-0.07726284982554286,0.4340659340659341,0.27848101265822783,-6.103765136217886,182,3.857142857142857,0.3333333333333333,0.011278716660140882,1.4546283026058129,0.15746318704672388,0.5384615384615384,0.3673469387755102,15.431392330578939,1.4795918367346939,145,1.1193745688147327,-0.1341162660037648,0.5989010989010989,0.3486238532110092,0.20408163265306123,0.3241758241758242,14,2.0527264321456404
Kentucky,SEC,4,3,1,100,25.0,356.2,4.97,122.2,3.65,234.0,6.12,0.448,2.25,4.5,8,3,83,6,14,2,2,1,50,6,936,153,89,6,5,20,133,7266,134,7,489,9,18,26,58,1425,8,40,1.2045981252349465,-1.424,68.9,0.1,0.083,0.183,2.7716814159292036,313,0.8230088495575221,0,1.7881759092062062,0.2474927763929049,0.30196078431372547,0.37662337662337664,2.0965026204354715,1.2848287660716582,0.015529649040262751,0.5294117647058824,0.43703703703703706,2.0965026204354715,255,3.576923076923077,0.75,0.04637359316587958,1.1139971754555156,0.15124395480774783,0.44313725490196076,0.4336283185840708,17.090566893275504,0.9380530973451328,106,0.9930511785453647,-0.040627401825586426,0.6980392156862745,0.449438202247191,0.18584070796460178,0.42745098039215684,26,11.825266257299292
LSU,SEC,4,3,1,62,15.5,227.0,3.85,47.8,1.66,179.2,5.93,0.298,4.25,8.0,7,0,52,1,4,2,2,1,82,5,717,121,71,5,3,25,212,6548,115,3,191,17,32,17,57,908,7,41,1.281284113004443,-1.044,74.3,0.075,0.154,0.228,1.7246575342465753,126,0.4246575342465753,0,1.8852134135559109,-0.03143635054484458,0.42021276595744683,0.25316455696202533,-7.727332510975305,1.5764658723250264,-0.07024847737250277,0.5851063829787234,0.3090909090909091,-7.727332510975305,188,3.857142857142857,0.6666666666666666,-0.1239829601269945,0.6724846168501125,-0.20852565658817396,0.3882978723404255,0.2602739726027397,-15.2223729309367,0.6986301369863014,51,0.9260315832682855,-0.1910580257874518,0.5797872340425532,0.3119266055045872,0.3013698630136986,0.2872340425531915,14,-23.308796503874966
Louisville,ACC,4,2,2,115,28.8,405.5,5.77,165.2,4.24,240.2,7.69,0.315,1.5,3.75,7,6,86,4,8,4,3,0,0,3,961,125,77,3,6,31,291,7095,156,7,661,6,15,17,54,1622,7,47,1.2270264133303201,-1.268,71.1,0.063,0.073,0.136,3.1884057971014492,440,0.8695652173913043,0,2.1292424522868125,0.2606726335853468,0.28413284132841327,0.2727272727272727,46.766568187937615,1.9660233829275646,0.3802160015279481,0.45387453874538747,0.3821138211382114,46.766568187937615,271,3.6153846153846154,0.5172413793103449,0.12247372718054267,0.6915304903327949,0.008253633199654196,0.5092250922509225,0.45652173913043476,1.139001381552279,0.9710144927536232,134,1.021085795742425,0.06762158391678019,0.7158671586715867,0.4742268041237113,0.11594202898550725,0.41697416974169743,26,33.190380065927066
Maryland,Big Ten,4,2,2,103,25.8,307.0,5.12,118.5,3.46,188.5,7.32,0.365,3.0,5.0,6,1,62,3,6,3,3,0,35,3,754,103,66,3,6,34,268,7419,137,6,474,12,20,19,52,1228,6,34,1.2727392632779395,-1.354,70.3,0.045,0.114,0.159,2.2911111111111113,206,1.0888888888888888,0,2.02515821370006,0.38545643157233667,0.3544973544973545,0.373134328358209,20.55370995514129,1.4916194443455328,0.22100763392625045,0.49206349206349204,0.45161290322580644,20.55370995514129,189,4.15,0.6666666666666666,0.0648940389796362,0.9941644873737298,-0.03953500138720822,0.47619047619047616,0.36666666666666664,-3.5581501248487393,0.8,72,0.8965297880668792,-0.11115252088684684,0.6455026455026455,0.4098360655737705,0.25555555555555554,0.3968253968253968,20,12.264973367151244
Miami,ACC,4,4,0,36,9.0,224.5,3.99,39.5,1.86,185.0,5.29,0.291,2.5,4.75,4,1,51,1,5,2,2,0,24,2,740,140,83,2,3,34,282,6112,85,0,158,10,19,16,55,898,4,29,1.1412844108042235,-0.912,76,0.066,0.096,0.162,2.0022727272727274,88,0.45454545454545453,0,1.732246218393209,0.05518952463099284,0.3448275862068966,0.26,6.229986221726069,1.2847129233505488,0.06422666207965019,0.6689655172413793,0.38144329896907214,6.229986221726069,145,2.3076923076923075,0.6,-0.0047514871444684645,0.7728609993487275,-0.11144343121548579,0.30344827586206896,0.3181818181818182,-4.903510973481375,0.5,22,0.9442971416078949,-0.03629938807892178,0.6551724137931034,0.4105263157894737,0.3181818181818182,0.3586206896551724,13,-0.6889656359479273
Michigan,Big Ten,4,3,1,59,14.8,236.2,4.02,86.8,2.65,149.5,5.75,0.333,2.75,7.0,3,-3,58,1,4,1,1,1,33,2,598,104,63,2,5,23,175,7244,131,0,347,11,28,19,57,945,3,41,1.197651033554882,-1.299,71.9,0.041,0.137,0.178,2.6669642857142857,299,0.21428571428571427,0,1.7575916407459078,-0.10270073137640895,0.37168141592920356,0.21428571428571427,-3.2735438768182443,1.683720016885154,-0.030593868007647143,0.47345132743362833,0.32710280373831774,-3.2735438768182443,226,2.0526315789473686,0.6666666666666666,-0.07078647693154085,0.6833440615373043,-0.12856084509911156,0.49557522123893805,0.3125,-14.398814651100496,0.7946428571428571,89,1.011004164491207,-0.05190762218950619,0.6283185840707964,0.38028169014084506,0.22321428571428573,0.3185840707964602,19,-15.99774378652823
Michigan State,Big Ten,4,2,2,85,21.2,314.0,5.51,124.0,3.82,190.0,7.76,0.37,1.75,4.75,2,-4,65,2,6,1,1,0,0,1,760,98,61,1,4,20,141,6764,130,7,496,7,19,17,46,1256,2,38,1.2431027964858987,-1.223,72.3,0.056,0.095,0.151,2.759349593495935,339,1.008130081300813,0,2.161902205946933,0.37881880397818024,0.31877729257641924,0.3013698630136986,22.93584777387582,1.7592772526284934,0.2293584777387582,0.4366812227074236,0.38,22.93584777387582,229,3.6,0.631578947368421,0.15810010902983612,0.8536222367528452,0.059585123731931616,0.537117903930131,0.45528455284552843,7.328970219027589,1.008130081300813,124,0.9771345463787573,0.05481507870144431,0.6812227074235808,0.48717948717948717,0.2601626016260163,0.4279475982532751,20,36.20492496783247
Minnesota,Big Ten,4,3,1,76,19.0,272.2,4.82,97.8,3.2,174.5,6.71,0.283,2.75,8.0,5,2,64,3,4,3,3,0,1,2,698,104,64,2,6,24,209,6229,122,4,391,11,32,13,46,1089,5,38,1.227120559610332,-0.809,78.8,0.065,0.172,0.237,3.0734939759036144,255,0.6867469879518072,0,1.642093460535221,0.20100954435265286,0.35638297872340424,0.31343283582089554,16.93900821990399,1.5830263449622466,0.17462895072065968,0.5159574468085106,0.38144329896907214,16.93900821990399,188,4.470588235294118,0.7142857142857143,0.047845377681518794,0.8477081972954079,0.13084675483365676,0.44148936170212766,0.43373493975903615,10.860280651193511,1.036144578313253,86,1.0626973347155648,-0.036964532789274446,0.6436170212765957,0.4380165289256198,0.1927710843373494,0.39361702127659576,17,8.994931004125535
Mississippi State,SEC,4,4,0,84,21.0,353.8,4.96,104.8,3.25,249.0,6.38,0.317,2.25,5.5,2,-1,76,7,11,0,0,0,12,2,996,156,95,2,6,34,359,7643,129,1,419,9,22,20,63,1415,2,38,1.1295484024060147,-1.188,72,0.099,0.082,0.182,2.8916666666666666,278,0.3125,0,1.980177373439758,0.030412895221834494,0.30522088353413657,0.2236842105263158,8.279960090651723,1.4278426635279475,0.056326259120079755,0.5903614457831325,0.3945578231292517,8.279960090651723,249,3.1666666666666665,0.6666666666666666,0.012940857464887413,0.6732878582161126,-0.0045415755437779055,0.3855421686746988,0.375,-0.4359912522026789,0.6875,66,0.9465016618038167,0.005265280184378871,0.6947791164658634,0.45664739884393063,0.17708333333333334,0.3855421686746988,24,3.2222735087569663
Missouri,SEC,4,3,1,83,20.8,318.8,4.72,100.5,2.77,218.2,6.98,0.322,3.0,7.0,6,4,76,5,10,2,2,0,73,4,873,125,70,4,8,33,304,7228,145,2,402,12,28,19,59,1275,6,45,1.429545342770189,-0.939,76.2,0.089,0.133,0.221,2.3866666666666667,286,0.525,0,2.1698113170105917,0.07370109484713679,0.4016393442622951,0.2755102040816326,6.425642795927327,1.7422167808699978,0.053996998285103584,0.48770491803278687,0.3445378151260504,6.425642795927327,244,3.263157894736842,0.8571428571428571,-0.03651774710086605,1.040280675482965,-0.04325920571831415,0.4918032786885246,0.35,-5.191104686197699,0.925,111,1.07889303918263,-0.11050025744952549,0.5983606557377049,0.3904109589041096,0.25,0.3442622950819672,19,-8.910330292611315
NC State,ACC,4,2,2,100,25.0,327.8,5.56,121.5,3.89,206.2,7.43,0.283,1.0,3.25,5,-2,63,7,10,2,2,0,-1,3,825,111,63,3,7,28,228,6488,125,5,486,4,13,15,53,1311,5,40,1.2746521615541744,-1.292,71.5,0.082,0.07,0.152,3.0787878787878786,305,0.7171717171717171,0,1.7576127549175145,0.2786783240664582,0.2843601895734597,0.2833333333333333,33.8718317590729,1.6429210667020633,0.32885273552497957,0.4881516587677725,0.39805825242718446,33.8718317590729,211,3.590909090909091,0.8,0.18244061684216548,0.9783332425247654,0.15097775430554222,0.46919431279620855,0.48484848484848486,14.946797676248678,1.0606060606060606,105,1.1621818863873692,0.14420046827622132,0.7156398104265402,0.48344370860927155,0.1717171717171717,0.4265402843601896,22,38.49497015369691
Nebraska,Big Ten,4,4,0,48,12.0,233.5,4.1,90.5,2.72,143.0,6.02,0.255,3.75,6.5,6,5,58,5,7,2,2,0,44,4,572,95,52,4,3,16,144,6696,133,2,362,15,26,12,47,934,6,36,1.2280320841435732,-1.136,73.3,0.068,0.136,0.204,2.647777777777778,238,0.34444444444444444,0,1.8999297658196908,-0.2572866034062432,0.36507936507936506,0.18840579710144928,-9.582929232843462,1.4018763418740783,-0.10416227427003763,0.48677248677248675,0.34782608695652173,-9.582929232843462,189,2.611111111111111,0.8181818181818182,-0.06483418643618093,0.8803702425912041,-0.10242214187272865,0.47619047619047616,0.35555555555555557,-9.217992768545578,0.8777777777777778,79,1.0720558366116173,0.04582595332160487,0.6349206349206349,0.4666666666666667,0.2111111111111111,0.36507936507936506,18,-12.253661236438194
North Carolina,ACC,3,2,1,41,13.7,312.3,4.59,123.0,3.35,189.3,6.04,0.444,3.33,5.33,5,1,54,2,7,3,3,0,0,2,568,94,63,2,1,22,182,5594,110,3,369,10,16,20,45,937,5,30,1.0487743840300097,-1.325,70.3,0.044,0.097,0.141,2.951648351648352,269,1.1758241758241759,0,1.8632050314806898,-0.04354255441421693,0.31746031746031744,0.21666666666666667,1.9126211011423047,1.2805685761966568,0.021017814298267084,0.48148148148148145,0.37362637362637363,1.9126211011423047,189,2.6875,0.8571428571428571,-0.027290023244097183,0.8470308057551917,0.05758855909081123,0.48148148148148145,0.42857142857142855,5.2405588772638225,0.8131868131868132,74,0.8752071968683893,-0.019730706420785674,0.6825396825396826,0.4728682170542636,0.13186813186813187,0.3915343915343915,16,-5.157814393134368
Northwestern,Big Ten,3,2,1,54,18.0,417.3,5.72,199.3,5.29,218.0,6.17,0.447,1.67,3.67,5,4,69,4,8,2,2,0,26,3,654,106,61,3,2,23,185,5522,113,3,598,5,11,21,47,1252,5,32,1.1281852095627818,-1.206,72,0.099,0.063,0.162,3.4466019417475726,355,1.941747572815534,0,1.8693995109176968,0.044180395628905876,0.25471698113207547,0.24074074074074073,7.1530542507536135,1.4134893871183367,0.06877936779570783,0.49056603773584906,0.41346153846153844,7.1530542507536135,212,2.4210526315789473,0.5909090909090909,0.10583441929679284,0.8837060990172494,0.1216910124015209,0.4858490566037736,0.47572815533980584,12.534174277356653,1.087378640776699,112,1.0106756252016367,0.12690604763898206,0.7452830188679245,0.5189873417721519,0.14563106796116504,0.4481132075471698,19,22.43689689092008
Ohio State,Big Ten,4,3,1,49,12.2,274.2,4.16,114.0,3.48,160.2,4.82,0.367,1.75,5.5,6,2,69,3,9,3,3,0,17,3,641,133,72,3,2,24,179,7207,131,3,456,7,22,22,60,1097,6,32,1.2914769528820993,-0.966,75.7,0.104,0.104,0.208,3.014130434782609,277,0.8369565217391305,0,1.9288659083404416,0.29759521620832413,0.37320574162679426,0.3333333333333333,-9.25384787263112,1.6265409964378688,-0.08336799885253261,0.5311004784688995,0.2972972972972973,-9.25384787263112,209,2.7777777777777777,0.625,0.0023180007793147796,1.0380814939769194,0.07394071769539558,0.44019138755980863,0.4673913043478261,6.802546027976393,1.2826086956521738,118,0.9787955785063088,-0.17349591375093507,0.6267942583732058,0.40458015267175573,0.17391304347826086,0.37799043062200954,18,0.48446216287678895
Oklahoma,SEC,4,2,2,64,16.0,238.0,4.25,115.5,3.23,122.5,6.05,0.231,3.25,7.0,4,-6,48,4,6,3,3,0,0,1,490,81,42,1,1,26,201,7286,143,5,462,13,28,12,52,952,4,37,1.1652475312143808,-1.617,66.1,0.07,0.145,0.216,2.5166666666666666,272,0.6574074074074074,0,2.0872622324826025,-0.04381342396640685,0.3333333333333333,0.25,-10.875644786014433,1.2756477782163382,-0.13943134341044147,0.40625,0.3333333333333333,-10.875644786014433,192,2.0833333333333335,0.5833333333333334,-0.17389624392277098,1.0826035807418306,-0.08836014305875467,0.5625,0.2962962962962963,-9.542895450345505,0.7685185185185185,83,0.8221722935331821,-0.23893765390095303,0.6666666666666666,0.3359375,0.18518518518518517,0.3072916666666667,24,-33.388078833172024
Oklahoma State,Big 12,4,3,1,79,19.8,317.2,5.08,158.8,4.18,158.5,6.47,0.278,2.0,5.0,4,-4,61,2,9,1,1,0,43,3,634,98,55,3,3,23,200,6477,152,6,635,8,20,15,54,1269,4,43,1.1827090674288199,-1.248,71.4,0.079,0.083,0.163,3.12734375,400,0.9140625,0,1.8132569989651375,-0.0214457778489575,0.33189655172413796,0.2077922077922078,-13.091555238711994,1.6390535169630354,-0.13223793170416157,0.4267241379310345,0.31313131313131315,-13.091555238711994,232,3,0.7142857142857143,-0.00862826142172081,0.9409032579177025,0.08053960570596014,0.5517241379310345,0.4296875,10.309069530362898,1.0078125,129,1.0425873048651937,-0.0022608500352870975,0.6681034482758621,0.4645161290322581,0.1640625,0.3793103448275862,24,-2.0017566498392276
Ole Miss,SEC,4,3,1,123,30.8,404.8,5.89,194.8,4.64,210.0,7.85,0.439,1.5,5.75,2,-4,83,3,6,0,0,0,38,2,840,107,70,2,4,31,247,8126,168,10,779,6,23,25,57,1619,2,41,1.1462836134219392,-1.543,68,0.043,0.087,0.13,2.937162162162162,435,1.4189189189189189,0,2.048476407005461,0.2522033561348794,0.2823529411764706,0.3055555555555556,33.39166228281032,1.4399441236047186,0.32419089594961475,0.403921568627451,0.47572815533980584,33.39166228281032,255,4,0.8095238095238095,0.2474658928115196,0.9738458984638296,0.20071932483893887,0.5803921568627451,0.4864864864864865,29.70646007616295,1.0067567567567568,149,0.9516930108843169,0.24560197281544363,0.7176470588235294,0.5573770491803278,0.20945945945945946,0.48627450980392156,27,63.1038026669375
Oregon,Big Ten,4,3,1,93,23.2,344.2,5.3,113.0,3.59,231.2,6.9,0.212,1.5,3.0,7,5,74,7,9,1,1,1,111,6,925,134,72,6,7,16,139,6965,126,3,452,6,12,11,52,1377,7,42,1.205082022641194,-1.248,72.1,0.108,0.049,0.157,2.808256880733945,306,0.9908256880733946,0,1.900501951097231,0.07838571868297688,0.30327868852459017,0.3108108108108108,6.16321813596499,1.4860841210183178,0.0477768847749224,0.5286885245901639,0.3953488372093023,6.16321813596499,244,3.3333333333333335,0.75,0.061565401120949034,0.9009418468971445,0.08418149879274339,0.44672131147540983,0.41284403669724773,9.175783368409029,0.7522935779816514,82,0.9918199112480093,0.0542436158292428,0.6967213114754098,0.4411764705882353,0.1651376146788991,0.4016393442622951,24,15.021957873511564
Penn State,Big Ten,4,3,1,46,11.5,239.5,4.03,113.2,3.62,126.2,4.47,0.192,1.25,4.75,8,7,56,5,6,3,3,1,88,5,505,113,60,5,2,21,187,6789,125,3,453,5,19,10,52,958,8,39,1.2708219809657126,-0.933,76.3,0.083,0.112,0.195,2.555555555555556,207,1.0864197530864197,0,2.494433515327771,0.16602367425017966,0.3829787234042553,0.2222222222222222,-18.646224589470577,1.2096206052503062,-0.18646224589470578,0.5319148936170213,0.3,-18.646224589470577,188,3.6363636363636362,0.75,-0.06717978459320613,1.332985964267972,0.15543976606935458,0.4308510638297872,0.32098765432098764,12.59062105161772,0.7654320987654321,62,0.8046842535896903,-0.21192675904772146,0.6170212765957447,0.3620689655172414,0.2222222222222222,0.30851063829787234,11,-12.629799503522753
Pittsburgh,ACC,4,4,0,34,8.5,244.5,4.2,55.2,2.1,189.2,5.91,0.264,2.0,6.5,3,1,56,1,5,0,0,0,3,3,757,128,73,3,2,34,270,6630,105,2,221,8,26,14,53,978,3,36,1.4176179073613173,-1.03,75.3,0.063,0.117,0.179,1.8210526315789475,138,0.6052631578947368,0,2.3817378399115703,0.054403902473527575,0.38461538461538464,0.21333333333333335,-4.14925522671096,1.723081979971517,-0.03738067771811676,0.5692307692307692,0.2972972972972973,-4.14925522671096,195,1.6875,0.5,-0.09847737895725019,0.9779755287032217,-0.1389816002647787,0.38974358974358975,0.3157894736842105,-10.562601620123182,0.9342105263157895,71,1.0503341235326495,-0.1940281798514863,0.6153846153846154,0.35,0.3026315789473684,0.29743589743589743,16,-19.203088896663786
Purdue,Big Ten,4,1,3,158,39.5,446.0,7.08,199.5,5.5,246.5,9.21,0.511,1.5,4.5,2,-2,91,2,2,0,0,1,41,2,986,107,63,2,9,24,235,6680,145,10,798,6,18,23,45,1784,2,34,1.3171482242973056,-1.171,73.3,0.058,0.081,0.14,3.4686440677966104,409,1.7542372881355932,0,2.2438393919733057,0.6468350919025974,0.3013698630136986,0.42424242424242425,37.61798069288936,1.6772789668571104,0.387814233947313,0.4429223744292237,0.4536082474226804,37.61798069288936,219,5.2,0.7619047619047619,0.37694061301321874,1.0778348169431284,0.36799053432286793,0.5388127853881278,0.559322033898305,43.42288305009842,1.457627118644068,172,1.0082511684053055,0.26051554368838875,0.6986301369863014,0.5490196078431373,0.1271186440677966,0.5114155251141552,25,82.54999424989491
Rutgers,Big Ten,4,1,3,114,28.5,361.0,6.14,166.8,5.02,194.2,7.62,0.364,1.75,4.25,6,-4,72,3,4,2,2,0,9,4,777,102,65,4,6,30,271,6710,133,6,667,7,17,16,44,1444,6,40,1.2002191676689686,-1.354,70,0.037,0.1,0.137,3.1,363,1.5299145299145298,0,2.0051496394955546,0.3987735937237561,0.2882882882882883,0.34375,33.19450163689869,1.5932729352348303,0.34577605871769473,0.43243243243243246,0.4479166666666667,33.19450163689869,222,3.6521739130434785,0.75,0.191792556012291,0.8998438688745016,0.15097808963145498,0.527027027027027,0.49572649572649574,17.66443648688023,1.4871794871794872,174,0.9842622118130554,0.10795213567346972,0.7117117117117117,0.5189873417721519,0.18803418803418803,0.46846846846846846,23,42.57794743472861
SMU,ACC,4,3,1,99,24.8,309.5,4.95,148.5,4.43,161.0,5.55,0.204,3.0,8.25,4,-5,64,6,10,2,1,0,43,2,644,116,67,2,6,28,242,7126,134,6,594,12,33,11,54,1238,4,42,1.3652730401369122,-1.122,73.6,0.063,0.141,0.204,2.6669642857142857,299,2.107142857142857,0,2.790540281978012,0.23990324705231894,0.30837004405286345,0.21428571428571427,4.545762536514548,1.7927074913962475,0.040952815644275206,0.4889867841409692,0.2972972972972973,4.545762536514548,227,3.95,0.3888888888888889,0.04082993324506153,1.0916956993469131,0.06259863282153054,0.4933920704845815,0.42857142857142855,7.01104687601142,1.1517857142857142,129,1.0461833591277108,-0.04792886908938445,0.6916299559471366,0.4267515923566879,0.21428571428571427,0.36123348017621143,20,9.268394846628969
South Carolina,SEC,4,2,2,99,24.8,316.0,5.52,95.0,3.22,221.0,7.96,0.353,2.5,5.25,2,-4,61,2,2,0,0,0,0,2,884,111,72,2,10,33,252,6910,118,2,380,10,21,18,51,1264,2,41,1.5396486484342282,-1.28,71.6,0.047,0.089,0.136,2.229761904761905,187,1.25,0,2.511084411310697,0.545562643562051,0.35678391959798994,0.3380281690140845,53.30277670047741,1.8883881629162385,0.49815679159324683,0.5376884422110553,0.4205607476635514,53.30277670047741,199,5.0588235294117645,0.7,0.18949352945410697,0.945326514338138,-0.06304025399214189,0.4221105527638191,0.34523809523809523,-5.2953813353399175,0.6904761904761905,58,1.0825024070805958,-0.008013557277643213,0.6432160804020101,0.3984375,0.2619047619047619,0.3768844221105528,17,37.709212361367285
Stanford,ACC,4,2,2,134,33.5,443.0,6.26,149.5,4.5,293.5,7.83,0.442,0.75,4.5,6,5,93,5,8,3,2,0,0,3,1174,150,101,3,10,33,267,7967,133,8,598,3,18,23,52,1772,6,42,1.3713321221533126,-1.258,72,0.049,0.08,0.128,3.3169642857142856,372,1.5267857142857142,0,2.004692367558665,0.4086144817009643,0.32432432432432434,0.36904761904761907,56.790951606694314,1.5763371410301505,0.4085679971704627,0.5366795366795367,0.4460431654676259,56.790951606694314,259,5,0.8125,0.2927546254425356,1.1380960666854798,0.20598907179193907,0.43243243243243246,0.49107142857142855,23.070776040697176,1.2321428571428572,138,1.150723497349201,0.2371418944384898,0.6756756756756757,0.5085714285714286,0.13392857142857142,0.46332046332046334,27,75.82344798961671
Syracuse,ACC,3,1,2,51,17.0,258.7,4.31,124.0,3.84,134.7,4.87,0.361,2.67,7.33,4,-1,50,0,1,2,2,0,21,2,404,83,46,2,2,26,226,4804,97,3,372,8,22,13,36,776,4,28,1.079129326987594,-1.215,72.9,0.049,0.137,0.186,2.523943661971831,179,1.2816901408450705,0,1.5827983070251894,-0.1796179453733236,0.35172413793103446,0.17647058823529413,-15.986068930601238,1.320283884436582,-0.2189872456246745,0.503448275862069,0.3150684931506849,-15.986068930601238,145,2.75,0.7,-0.04833073682033973,0.9438368711218191,0.12839688729980736,0.4896551724137931,0.4507042253521127,9.116178998286323,1.1549295774647887,82,0.9826820754910329,0.022899557181811088,0.6482758620689655,0.5,0.2676056338028169,0.38620689655172413,16,-7.007956838949261
TCU,Big 12,4,2,2,50,12.5,264.8,4.88,86.0,2.87,178.8,7.37,0.245,2.25,5.0,6,-1,55,1,5,4,4,1,67,2,715,97,60,2,2,16,129,6601,120,4,344,9,20,12,49,1059,6,40,0.9205534915331528,-1.212,72.6,0.063,0.117,0.179,2.704040404040404,268,0.42424242424242425,0,1.7232780322306624,0.2169187875867796,0.30434782608695654,0.31746031746031744,14.907689612970572,1.358752908673903,0.1461538197350056,0.4927536231884058,0.4215686274509804,14.907689612970572,207,3,0.5625,-0.07371208390278973,0.43615437293777126,-0.2850606223759188,0.4782608695652174,0.35353535353535354,-28.221001615215958,0.9494949494949495,94,0.6573651175339693,-0.20086309017947632,0.6956521739130435,0.4236111111111111,0.1919191919191919,0.391304347826087,16,-15.258401367877473
Tennessee,SEC,4,3,1,62,15.5,282.5,4.56,119.0,3.58,163.5,5.69,0.358,4.5,8.25,5,2,67,0,4,2,2,1,53,3,654,115,73,3,1,30,296,7117,133,4,476,18,33,19,53,1130,5,38,1.0655682155442898,-1.21,72.2,0.07,0.148,0.218,2.9413793103448276,256,0.5517241379310345,0,1.6558791842892997,0.045817988531378556,0.36,0.25,-19.762789419841805,1.1444602680695193,-0.18821704209373147,0.525,0.37142857142857144,-19.762789419841805,200,2.2272727272727275,0.75,-0.1341156404683397,0.9694185265291663,0.04276380327770927,0.435,0.367816091954023,3.7204508851607065,1.2873563218390804,112,0.8650852450271166,-0.23532830678068123,0.64,0.4140625,0.19540229885057472,0.355,22,-26.82312809366794
Texas,SEC,4,4,0,53,13.2,271.0,4.23,99.2,2.84,171.8,5.92,0.345,3.75,7.75,5,0,68,3,8,2,2,0,3,3,687,116,69,3,2,26,235,6810,140,2,397,15,31,19,55,1084,5,41,1.1154123753150122,-1.184,72.7,0.065,0.141,0.206,2.5584158415841585,258,1.0594059405940595,0,2.1168095921085213,0.16605025896771358,0.32589285714285715,0.2328767123287671,-2.3916898870424594,1.4622767318807661,-0.02044179390634581,0.5223214285714286,0.3247863247863248,-2.3916898870424594,224,2.1904761904761907,0.7,-0.04427405749180738,0.7819148949096861,-0.04980279332950281,0.45089285714285715,0.36633663366336633,-5.030082126279784,1.0198019801980198,103,0.8316831638901848,-0.14595402505170826,0.6741071428571429,0.3973509933774834,0.2079207920792079,0.34375,21,-9.917388878164854
Texas A&M,SEC,4,2,2,86,21.5,337.5,6.05,125.5,3.98,212.0,8.74,0.256,1.0,4.25,8,2,58,4,8,5,5,2,100,3,848,97,60,3,6,29,197,6415,126,5,502,4,17,11,43,1350,8,41,1.3409627812295213,-1.286,70.9,0.062,0.115,0.177,2.7893617021276595,262,0.8404255319148937,0,2.4196061297380704,0.6038647194845717,0.266304347826087,0.32653061224489793,32.71811738353659,1.8637437529816305,0.38491902804160694,0.46195652173913043,0.4588235294117647,32.71811738353659,184,3.0526315789473686,0.6363636363636364,0.08359163797426628,0.7830405827489242,-0.13994475427638114,0.5108695652173914,0.3723404255319149,-13.154806901979828,0.8723404255319149,82,1.053324554960575,-0.10524822124058529,0.7336956521739131,0.4444444444444444,0.18085106382978725,0.41304347826086957,19,15.380861387264995
Texas Tech,Big 12,4,4,0,74,18.5,348.2,5.12,95.0,3.39,253.2,6.33,0.393,2.5,6.0,6,-2,73,1,5,1,1,2,60,5,1013,160,100,5,8,25,192,7621,112,0,380,10,24,24,61,1393,6,47,1.372304030756937,-1.053,74.7,0.083,0.101,0.183,2.8755555555555556,259,0.4888888888888889,0,2.1138889054897616,0.2270487765612446,0.32,0.3125,13.458597493195315,1.634273857865626,0.08796468949800859,0.612,0.38562091503267976,13.458597493195315,250,2.5714285714285716,0.6363636363636364,0.037900348227036494,0.8892971620252919,0.026477266321343097,0.36,0.35555555555555557,2.3829539689208787,1.0333333333333332,93,1.0914006691157156,-0.05111067687141438,0.68,0.38823529411764707,0.2,0.364,21,9.475087056759124
UCF,Big 12,4,3,1,61,15.2,331.0,4.68,111.5,3.08,219.5,6.36,0.348,2.5,6.5,9,5,67,4,7,3,3,1,106,6,878,138,83,6,3,37,268,8056,145,3,446,10,26,23,66,1324,9,44,1.3034986693835824,-1.205,72.5,0.062,0.111,0.173,2.2,262,1.0672268907563025,0,2.1840889330614828,0.2103957887706538,0.3726235741444867,0.25510204081632654,10.50291678334225,1.5705409584647136,0.07779938358031296,0.5133079847908745,0.4,10.50291678334225,263,2.3043478260869565,0.5714285714285714,-0.05597303750435741,0.9131071929005631,-0.14083662886716397,0.4524714828897338,0.29411764705882354,-16.75955883519251,0.5546218487394958,66,0.9699417513237715,-0.21417997674648528,0.6273764258555133,0.4,0.226890756302521,0.34600760456273766,23,-14.720908863646
UCLA,Big Ten,4,4,0,75,18.8,317.0,4.68,91.2,2.68,225.8,6.69,0.298,2.0,5.5,12,8,73,4,9,4,4,2,183,8,903,135,71,8,6,22,201,6730,136,3,365,8,22,17,57,1268,12,46,1.37415754809175,-0.868,77.4,0.08,0.105,0.185,2.4798319327731093,295,0.25210084033613445,0,2.157532196887766,0.015658887903405697,0.3531746031746032,0.24719101123595505,-4.505227161490951,1.8829639708379982,-0.036332477108797986,0.49206349206349204,0.3548387096774194,-4.505227161490951,252,3,0.8181818181818182,-0.0826393561780721,0.827391782148853,-0.09515306392116472,0.4722222222222222,0.3445378151260504,-11.323214606618603,0.8991596638655462,107,1.109015359268483,-0.13631140355998328,0.6468253968253969,0.3987730061349693,0.23529411764705882,0.34523809523809523,18,-20.825117756874167
USC,Big Ten,5,4,1,132,26.4,354.8,6.14,118.6,4.01,236.2,8.38,0.407,1.6,4.0,4,-1,95,5,8,1,1,1,115,3,1181,141,90,3,8,20,174,8119,148,9,593,8,20,22,54,1774,4,47,1.4017176136252,-0.995,75.3,0.041,0.075,0.116,2.5108333333333333,301,1.0333333333333332,0,2.028050915533007,0.46283803436935583,0.3387096774193548,0.36904761904761907,57.65172206224529,1.9028227862652969,0.48857391578173975,0.47580645161290325,0.4491525423728814,57.65172206224529,248,4.178571428571429,0.7619047619047619,0.18275250676104254,0.8648404713794795,0.03355328893838451,0.4838709677419355,0.4,4.026394672606141,0.7833333333333333,94,1.1282481437781295,0.03929406579093084,0.6612903225806451,0.4329268292682927,0.2,0.4112903225806452,28,45.32262167673855
Utah,Big 12,4,4,0,41,10.2,258.5,3.92,84.0,2.87,174.5,4.75,0.293,2.5,5.5,6,4,67,5,12,1,2,0,11,5,698,147,69,5,2,25,214,6859,117,3,336,10,22,17,58,1034,6,34,1.2786688189257798,-1.018,74.8,0.119,0.085,0.204,2.6426666666666665,198,0.4666666666666667,0,1.8417159062685584,0.21781064383365004,0.40641711229946526,0.3026315789473684,-10.601098401309175,1.4516507728512742,-0.10001036227650165,0.5668449197860963,0.3018867924528302,-10.601098401309175,187,2.2777777777777777,0.5,-0.05148471546669604,1.0275522264994132,-0.027585001001488658,0.40106951871657753,0.3466666666666667,-2.068875075111649,1.0133333333333332,76,0.937877160797256,-0.23586712363630238,0.5935828877005348,0.34234234234234234,0.24,0.32620320855614976,18,-9.62764179227216
Vanderbilt,SEC,4,3,1,87,21.8,310.2,4.94,116.2,3.5,194.0,6.58,0.321,3.25,5.25,6,1,69,7,10,2,2,0,11,4,776,118,71,4,6,18,151,6830,133,3,465,13,21,18,56,1241,6,46,1.335704318735286,-1.013,75.1,0.075,0.11,0.185,2.5391666666666666,305,1.2083333333333333,0,2.071369211053544,0.012679305623778767,0.4015748031496063,0.24509803921568626,1.4619581464555365,1.6711298646043515,0.011421548019183879,0.5039370078740157,0.3359375,1.4619581464555365,254,2.9047619047619047,0.7894736842105263,-0.03888108031721505,1.0221543519446377,-0.019157530163980134,0.47244094488188976,0.38333333333333336,-2.298903619677616,1.0333333333333332,124,1.0483352201734664,-0.07348081298814511,0.5984251968503937,0.42105263157894735,0.2,0.35039370078740156,21,-9.875794400572623
Virginia,ACC,4,3,1,52,13.0,247.0,4.1,116.8,3.43,130.2,4.96,0.322,2.0,5.75,7,5,54,1,5,1,1,1,100,6,521,105,50,6,2,20,180,6265,136,4,467,8,23,19,59,988,7,35,0.9859417916797172,-1.146,73.2,0.099,0.099,0.198,3.1336842105263156,298,0.6736842105263158,0,2.288145331188937,0.023345135964401822,0.36666666666666664,0.21212121212121213,4.647647694493932,1.4198925521562935,0.05737836659869052,0.45,0.345679012345679,4.647647694493932,180,3.142857142857143,0.75,-0.015081805827850943,0.6661885997496083,0.0173614396021667,0.5277777777777778,0.4,1.6493367622058366,0.9157894736842105,87,0.6353485310426196,-0.03732898265494465,0.6333333333333333,0.45614035087719296,0.16842105263157894,0.36666666666666664,14,-2.7147250490131696
Virginia Tech,ACC,4,4,0,64,16.0,269.2,4.62,83.2,2.5,186.0,7.44,0.273,4.25,11.0,4,-1,53,3,5,3,3,0,0,1,744,100,59,1,4,29,243,6464,133,4,333,17,44,15,55,1077,4,38,1.3050253438023713,-1.207,72.1,0.047,0.22,0.267,1.401190476190476,118,1.6785714285714286,0,1.67743982085707,-0.16475729387040514,0.35555555555555557,0.21875,17.560030318566675,1.3140533242917833,0.19511144798407418,0.5,0.4222222222222222,17.560030318566675,180,2.5217391304347827,0.6153846153846154,0.04577335242528397,1.337343770166563,-0.05096484006969679,0.4666666666666667,0.3333333333333333,-4.28104656585453,1,84,1.2102289314611754,0.1619281917608366,0.6444444444444445,0.47413793103448276,0.34523809523809523,0.38333333333333336,23,8.239203436551113
Wake Forest,ACC,4,3,1,112,28.0,384.2,5.25,127.0,3.43,257.2,7.1,0.463,2.5,6.5,2,0,96,1,3,1,1,0,1,1,1029,145,117,1,7,29,250,7786,148,6,508,10,26,25,54,1537,2,45,1.1139879639184103,-1.077,74.5,0.034,0.094,0.128,2.7153225806451613,337,0.7419354838709677,0,1.4556743099756864,0.30256008359056813,0.2733812949640288,0.34210526315789475,38.816571474872724,1.1409549371882894,0.2640583093528757,0.5287769784172662,0.5102040816326531,38.816571474872724,278,3.3846153846153846,0.6666666666666666,0.1557757550100358,0.9331130428924524,0.019532264024436852,0.4460431654676259,0.3790322580645161,2.4220007390301697,0.8306451612903226,103,1.024252155862964,0.10054996801934048,0.7266187050359713,0.4900990099009901,0.23387096774193547,0.44964028776978415,26,43.305659892789954
Washington,Big Ten,4,3,1,67,16.8,289.2,4.61,110.5,3.18,178.8,6.38,0.288,2.25,7.0,8,5,72,1,5,2,2,0,70,6,715,112,69,6,5,22,175,7313,139,2,442,9,28,15,52,1157,8,46,1.1677209663048467,-1.312,71,0.082,0.121,0.203,2.3436507936507938,295,0.9206349206349206,0,1.5711310091385566,-0.09100331887209588,0.34156378600823045,0.27710843373493976,4.5430985650582265,1.5958769389303393,0.041679803349158044,0.448559670781893,0.3853211009174312,4.5430985650582265,243,2.608695652173913,0.3333333333333333,-0.12788885264904795,0.740901404578086,-0.2001365359026003,0.5185185185185185,0.3333333333333333,-25.21720352372764,0.9523809523809523,120,1.0180688536407285,-0.14702322329584183,0.6584362139917695,0.3875,0.30952380952380953,0.3497942386831276,23,-31.07699119371865
West Virginia,Big 12,4,3,1,99,24.8,426.5,6.27,144.2,4.06,282.2,8.68,0.327,2.5,6.25,5,2,83,4,8,3,3,0,3,2,1129,130,84,2,8,31,265,7431,142,3,577,10,25,17,52,1706,5,45,1.206512511603475,-1.196,72.7,0.039,0.114,0.154,3.001574803149606,381,1.2440944881889764,0,1.9681325686886093,0.20781487188791328,0.29411764705882354,0.26666666666666666,45.04313597381726,1.4902530541333754,0.37225732209766327,0.4745098039215686,0.512396694214876,45.04313597381726,255,3.269230769230769,0.75,0.17574223270222505,0.8507937778312251,0.0005949186004039743,0.4980392156862745,0.4015748031496063,0.07555466225130474,1.1023622047244095,140,1.0461714469539731,0.16237863304152161,0.7058823529411765,0.5277777777777778,0.1968503937007874,0.45098039215686275,26,44.81426933906739
Wisconsin,Big Ten,4,3,1,80,20.0,275.2,4.44,111.5,3.28,163.8,5.85,0.315,1.25,4.0,4,-2,62,4,6,1,1,0,24,3,655,112,64,3,3,17,144,7542,136,3,446,5,16,17,54,1101,4,42,1.048348373538514,-1.033,74.7,0.085,0.077,0.162,2.905785123966942,352,0.3305785123966942,0,1.7204198385064307,-0.15235525154132631,0.3277310924369748,0.1794871794871795,-0.32549217293923915,1.2435362195015287,-0.0030999254565641826,0.4411764705882353,0.37142857142857144,-0.32549217293923915,238,3.473684210526316,0.7058823529411765,-0.010217493945354468,0.8367566216639577,0.08334184344568353,0.5084033613445378,0.35537190082644626,10.084363056927707,0.71900826446281,87,0.9119860473131395,0.05907466288268181,0.6722689075630253,0.43125,0.10743801652892562,0.3487394957983193,19,-2.4317635589943634
