team,player,status,side,epa_delta,player_id,position,jersey,report
Penn State,Daryus Dixson,Game Time Decision,def,,5141411,CB,5,Game Day 2026-10-02 17:00:00
Penn State,Koby Howard,Out,off,,5141525,WR,6,Game Day 2026-10-02 17:00:00
Penn State,LaVar Arrington II,Out,def,,5214556,DE,11,Game Day 2026-10-02 17:00:00
Penn State,Joshua Johnson,Out,def,,5214530,CB,15,Game Day 2026-10-02 17:00:00
Penn State,Max Granville,Out,def,,5141483,DE,18,Game Day 2026-10-02 17:00:00
Penn State,Cam Smith,Out,def,,5142598,LB,26,Game Day 2026-10-02 17:00:00
Penn State,Christian Askew,Out,def,,5327757,CB,30,Game Day 2026-10-02 17:00:00
Penn State,Tyler Armstead,Out,def,,5230372,CB,35,Game Day 2026-10-02 17:00:00
Penn State,Mason Robinson,Out,def,,4899362,DE,42,Game Day 2026-10-02 17:00:00
Penn State,Dayshaun Burnett,Out,def,,5141393,DE,43,Game Day 2026-10-02 17:00:00
Penn State,Will Tompkins,Out,off,,5198051,OL,66,Game Day 2026-10-02 17:00:00
Penn State,Cooper Alexander,Out,off,,5146740,TE,80,Game Day 2026-10-02 17:00:00
Northwestern,Hayden Eligon II,Game Time Decision,off,,5084772,WR,8,Game Day 2026-10-02 17:00:00
Northwestern,Braden Turner,Out,def,,4912163,DB,9,Game Day 2026-10-02 17:00:00
Northwestern,Seth Valeri,Out,def,,5295997,DB,11,Game Day 2026-10-02 17:00:00
Northwestern,Josh Fussell,Out,def,,4923270,DB,13,Game Day 2026-10-02 17:00:00
Northwestern,Chase Farrell,Game Time Decision,off,,5079389,WR,20,Game Day 2026-10-02 17:00:00
Northwestern,Damon Walters,Game Time Decision,def,,4899672,DB,21,Game Day 2026-10-02 17:00:00
Northwestern,Max Mohring,Out,def,,5291097,LB,37,Game Day 2026-10-02 17:00:00
Northwestern,Jason Reynolds II,Out,def,,4838692,LB,40,Game Day 2026-10-02 17:00:00
Northwestern,Nigel Glover,Game Time Decision,def,,4921508,LB,42,Game Day 2026-10-02 17:00:00
Northwestern,Callen Campbell,Out,def,,5145121,DL,44,Game Day 2026-10-02 17:00:00
Northwestern,Qayvier Johnson,Out,def,,5193589,LB,50,Game Day 2026-10-02 17:00:00
Northwestern,David Anchondo,Out,off,,5307060,OL,61,Game Day 2026-10-02 17:00:00
Northwestern,Ezomo Oratokhai,Out,off,,5195388,OL,62,Game Day 2026-10-02 17:00:00
Northwestern,Jacob Miller,Out,off,,5320929,OL,79,Game Day 2026-10-02 17:00:00
Northwestern,Chris Petrucci,Out,off,,4812341,TE,81,Game Day 2026-10-02 17:00:00
Northwestern,Jaden McDuffie,Out,off,,5287502,WR,82,Game Day 2026-10-02 17:00:00
Northwestern,Luke Dehnicke,Out,off,,5328488,TE,84,Game Day 2026-10-02 17:00:00
Northwestern,Tom McGlinchey,Out,off,,5246775,TE,85,Game Day 2026-10-02 17:00:00
Northwestern,Migo Jackson,Out,def,,4685233,DL,88,Game Day 2026-10-02 17:00:00
Northwestern,Glory Stephen-Wangboje,Out,def,,5165978,DL,93,Game Day 2026-10-02 17:00:00
Northwestern,Troy Regovich,Game Time Decision,def,,5156387,DL,99,Game Day 2026-10-02 17:00:00
Michigan,Andrew Marsh,Questionable,off,,5141572,WR,3,Update 2 2026-10-02 19:00:00
Michigan,Dom Nichols,Questionable,def,,5079636,DE,8,Update 2 2026-10-02 19:00:00
Michigan,Braydon Alford,Out,off,,5224470,WR,22,Update 2 2026-10-02 19:00:00
Michigan,Micah Ka'apana,Out,off,,5079546,RB,25,Update 2 2026-10-02 19:00:00
Michigan,Jonathan Brown,Out,off,,5281455,RB,29,Update 2 2026-10-02 19:00:00
Michigan,Julius Holly,Out,def,,5199856,DE,37,Update 2 2026-10-02 19:00:00
Michigan,Ace Hamilton,Out,off,,5391402,OL,52,Update 2 2026-10-02 19:00:00
Michigan,Andrew Sprague,Out,off,,5079729,OL,54,Update 2 2026-10-02 19:00:00
Michigan,Andrew Babalola,Out,off,,5142589,OL,65,Update 2 2026-10-02 19:00:00
Michigan,Houston Ka'aha'aina-Torres,Questionable,off,,5295977,OL,67,Update 2 2026-10-02 19:00:00
Michigan,Manuel Beigel,Out,off,,5081267,OL,76,Update 2 2026-10-02 19:00:00
Michigan,Blake Frazier,Probable,off,,5110462,OL,77,Update 2 2026-10-02 19:00:00
Michigan,John Henry Daley,Questionable,def,,5160962,DE,90,Update 2 2026-10-02 19:00:00
Minnesota,A.J. Turner,Probable,off,,5082548,RB,2,Update 2 2026-10-02 19:00:00
Minnesota,Ryan Estrada,Out,off,,5244756,RB,20,Update 2 2026-10-02 19:00:00
Minnesota,Elisha West,Out,def,,5225305,DB,26,Update 2 2026-10-02 19:00:00
Minnesota,Zeke Bates,Probable,off,,5369946,RB,26,Update 2 2026-10-02 19:00:00
Minnesota,Enoch Atewogbola,Out,def,,5209927,DL,47,Update 2 2026-10-02 19:00:00
Minnesota,Brett Carroll,Out,off,,5146828,OL,56,Update 2 2026-10-02 19:00:00
Minnesota,Aaron Thomas,Probable,off,,5276576,OL,57,Update 2 2026-10-02 19:00:00
Minnesota,Jaden Ball,Out,off,,5138040,OL,58,Update 2 2026-10-02 19:00:00
Minnesota,Beckett Schreiber,Out,off,,5291927,OL,66,Update 2 2026-10-02 19:00:00
Minnesota,Ashton Beers,Out,off,,4909948,OL,78,Update 2 2026-10-02 19:00:00
Minnesota,Hayden Moore,Out,off,,5271219,WR,84,Update 2 2026-10-02 19:00:00
Minnesota,Riley Sunram,Probable,def,,5141794,DL,93,Update 2 2026-10-02 19:00:00
Minnesota,Adam Kissayi,Probable,def,,5210174,DL,98,Update 2 2026-10-02 19:00:00
Michigan State,NiJhay Burt,Out,def,,5083730,CB,0,Update 2 2026-10-02 19:00:00
Michigan State,Cam Edwards,Out,off,,5086034,RB,0,Update 2 2026-10-02 19:00:00
Michigan State,Tre Bell,Questionable,def,,5086080,CB,3,Update 2 2026-10-02 19:00:00
Michigan State,Jordan Hall,Doubtful,def,,4870737,LB,5,Update 2 2026-10-02 19:00:00
Michigan State,Cam Stodghill,Questionable,def,,5156962,LB,12,Update 2 2026-10-02 19:00:00
Michigan State,Dion Crawford,Questionable,def,,4870681,LB,18,Update 2 2026-10-02 19:00:00
Michigan State,Keshawn Williams,Out,def,,5178577,CB,20,Update 2 2026-10-02 19:00:00
Michigan State,Tyran Chappell,Out,def,,5225872,CB,22,Update 2 2026-10-02 19:00:00
Michigan State,Jay Coyne,Out,off,,5084950,FB,44,Update 2 2026-10-02 19:00:00
Michigan State,Brady Pretzlaff,Questionable,def,,5124585,LB,45,Update 2 2026-10-02 19:00:00
Michigan State,Conner Moore,Questionable,off,,5093392,OL,58,Update 2 2026-10-02 19:00:00
Michigan State,Eli Bickel,Questionable,off,,5269390,OL,68,Update 2 2026-10-02 19:00:00
Michigan State,Tristan Comer,Out,off,,5290642,OL,79,Update 2 2026-10-02 19:00:00
Michigan State,Joe Caudill,Out,off,,5264656,TE,87,Update 2 2026-10-02 19:00:00
Michigan State,Cal Thrush,Questionable,def,,5216795,DL,97,Update 2 2026-10-02 19:00:00
Wisconsin,Cai Bates,Out,def,,5084664,CB,3,Update 2 2026-10-02 19:00:00
Wisconsin,Abu Sama III,Questionable,off,,5078005,RB,3,Update 2 2026-10-02 19:00:00
Wisconsin,Jaylon Domingeaux,Out,off,,5154809,WR,9,Update 2 2026-10-02 19:00:00
Wisconsin,Bryan Jackson II,Probable,off,,5079500,RB,21,Update 2 2026-10-02 19:00:00
Wisconsin,Mason Lane,Questionable,off,,5221278,RB,38,Update 2 2026-10-02 19:00:00
Wisconsin,Michael Roeske,Out,off,,5148608,OL,58,Update 2 2026-10-02 19:00:00
Wisconsin,Emerson Mandell,Probable,off,,5146771,OL,75,Update 2 2026-10-02 19:00:00
Wisconsin,Ryan Schwendeman,Probable,off,,5086150,TE,84,Update 2 2026-10-02 19:00:00
Ohio State,Anthony “Turbo” Rogers,Out,off,,5141663,RB,21,Update 2 2026-10-02 19:00:00
Ohio State,Jay Timmons,Questionable,def,,5276976,CB,25,Update 2 2026-10-02 19:00:00
Ohio State,Amari Valerio-Hudson,Out,off,,5375124,WR,30,Update 2 2026-10-02 19:00:00
Ohio State,Braxton Rembert,Out,def,,5291777,LB,41,Update 2 2026-10-02 19:00:00
Ohio State,Jaxon Powell,Out,off,,5375130,OL,60,Update 2 2026-10-02 19:00:00
Ohio State,Phillip Daniels,Out,off,,4923217,OL,70,Update 2 2026-10-02 19:00:00
Ohio State,Vasean Washington,Out,off,,5085517,OL,73,Update 2 2026-10-02 19:00:00
Iowa,Darion Jones,Questionable,def,,5276973,DB,1,Update 2 2026-10-02 19:00:00
Iowa,Tyler Brown,Out,def,,5193099,DB,2,Update 2 2026-10-02 19:00:00
Iowa,Kyler Gerardy,Out,def,,5218925,DB,19,Update 2 2026-10-02 19:00:00
Maryland,DeJuan Williams,Probable,off,,5295550,RB,0,Update 2 2026-10-02 19:00:00
Maryland,Trey Reddick,Doubtful,def,,5218946,LB,3,Update 2 2026-10-02 19:00:00
Maryland,Preston Howard,Out,off,,4685393,TE,8,Update 2 2026-10-02 19:00:00
Maryland,Zahir Mathis,Out,def,,5141583,LB,9,Update 2 2026-10-02 19:00:00
Maryland,DD Holmes,Questionable,def,,5079450,LB,13,Update 2 2026-10-02 19:00:00
Maryland,Lloyd Irvin III,Out,def,,5149435,DB,15,Update 2 2026-10-02 19:00:00
Maryland,Dontay Joyner,Out,def,,4870829,DB,16,Update 2 2026-10-02 19:00:00
Maryland,Jayden Kitchens,Questionable,off,,5213231,WR,17,Update 2 2026-10-02 19:00:00
Maryland,Josiah Teasley,Out,off,,5327246,WR,18,Update 2 2026-10-02 19:00:00
Maryland,DJ Samuels,Out,off,,4950548,RB,20,Update 2 2026-10-02 19:00:00
Maryland,Sean Williams,Out,off,,4954512,WR,21,Update 2 2026-10-02 19:00:00
Maryland,Iverson Howard,Probable,off,,5141522,RB,24,Update 2 2026-10-02 19:00:00
Maryland,Harry Dalton III,Out,off,,5141419,RB,25,Update 2 2026-10-02 19:00:00
Maryland,Terrez Worthy,Out,off,,5219864,RB,26,Update 2 2026-10-02 19:00:00
Maryland,Travares Daniels II,Probable,def,,5156156,LB,30,Update 2 2026-10-02 19:00:00
Maryland,John Boley,Out,off,,,RB,41,Update 2 2026-10-02 19:00:00
Maryland,Solomon Foye,Out,off,,5306795,RB,45,Update 2 2026-10-02 19:00:00
Maryland,Darius Grimes,Probable,def,,5150673,LB,48,Update 2 2026-10-02 19:00:00
Maryland,Trevor Szymanski,Out,off,,5146851,OL,50,Update 2 2026-10-02 19:00:00
Maryland,Michael McMonigle,Out,off,,5295552,OL,51,Update 2 2026-10-02 19:00:00
Maryland,Bryce Jenkins,Out,def,,5141529,DL,57,Update 2 2026-10-02 19:00:00
Maryland,Day'Jon Moore,Out,off,,5159040,OL,75,Update 2 2026-10-02 19:00:00
Maryland,Delmar White,Out,def,,5216963,DL,90,Update 2 2026-10-02 19:00:00
Maryland,Armon Parker,Probable,def,,4916380,DL,95,Update 2 2026-10-02 19:00:00
Maryland,Lavon Johnson,Out,def,,4832851,DL,99,Update 2 2026-10-02 19:00:00
Nebraska,Jacory Barney Jr.,Probable,off,,5083370,WR,2,Update 2 2026-10-02 19:00:00
Nebraska,Rex Guthrie,Probable,def,,5148943,DB,13,Update 2 2026-10-02 19:00:00
Nebraska,Mekhi Nelson,Questionable,off,,5227018,RB,13,Update 2 2026-10-02 19:00:00
Nebraska,Larry Miles,Out,off,,5272709,WR,17,Update 2 2026-10-02 19:00:00
Nebraska,Kahmir Prescott,Out,def,,5110456,DB,19,Update 2 2026-10-02 19:00:00
Nebraska,Jamal Rule,Questionable,off,,5290565,RB,25,Update 2 2026-10-02 19:00:00
Nebraska,Carter Nelson,Out,off,,5110168,TE,29,Update 2 2026-10-02 19:00:00
Nebraska,Tanner Terch,Probable,def,,5210562,DB,30,Update 2 2026-10-02 19:00:00
Nebraska,Bryson Webber,Probable,def,,5207860,DB,39,Update 2 2026-10-02 19:00:00
Nebraska,Gage Stenger,Out,def,,4869605,LB,47,Update 2 2026-10-02 19:00:00
Nebraska,Jase Reynolds,Out,def,,5281138,LB,52,Update 2 2026-10-02 19:00:00
Nebraska,Jacob Bower,Out,def,,5159495,LB,54,Update 2 2026-10-02 19:00:00
Nebraska,Brendan Black,Probable,off,,4923035,OL,54,Update 2 2026-10-02 19:00:00
Nebraska,Gabe Moore,Out,def,,5092567,DL,95,Update 2 2026-10-02 19:00:00
Purdue,Mister Clark,Out,def,,5158234,DB,6,Update 2 2026-10-02 19:00:00
Purdue,Kylan Fox,Out,off,,5079462,TE,16,Update 2 2026-10-02 19:00:00
Purdue,Elo Modozie,Questionable,def,,5150308,DE,18,Update 2 2026-10-02 19:00:00
Purdue,Raderrion Daniels,Out,def,,5274360,DB,24,Update 2 2026-10-02 19:00:00
Purdue,Jude McCoskey,Doubtful,off,,5155347,OL,72,Update 2 2026-10-02 19:00:00
Purdue,Joey Tanona,Out,off,,4685586,OL,79,Update 2 2026-10-02 19:00:00
Illinois,Jayshon Platt,Questionable,off,,4834817,WR,1,Update 2 2026-10-02 19:00:00
Illinois,Daniel Brown,Probable,def,,5218892,LB,4,Update 2 2026-10-02 19:00:00
Illinois,Cameron Thomas,Doubtful,def,,5160470,LB,8,Update 2 2026-10-02 19:00:00
Illinois,Alex Perry,Out,off,,5084133,WR,9,Update 2 2026-10-02 19:00:00
Illinois,Jacob Alexander,Out,def,,5264757,LB,11,Update 2 2026-10-02 19:00:00
Illinois,Andre Lovett Jr.,Doubtful,def,,5164653,DB,14,Update 2 2026-10-02 19:00:00
Illinois,Tanner Heckel,Probable,def,,5196972,DB,16,Update 2 2026-10-02 19:00:00
Illinois,Jack Paris,Out,def,,5265272,LB,38,Update 2 2026-10-02 19:00:00
Illinois,Carter Smith,Doubtful,def,,5191859,DL,48,Update 2 2026-10-02 19:00:00
Illinois,Champ Smith,Probable,off,,5369896,OL,52,Update 2 2026-10-02 19:00:00
Illinois,TJ McMillen,Out,off,,4921262,OL,55,Update 2 2026-10-02 19:00:00
Illinois,Dezmond Schuster,Doubtful,off,,5154332,OL,65,Update 2 2026-10-02 19:00:00
Illinois,Maika Matelau,Probable,off,,5369898,OL,70,Update 2 2026-10-02 19:00:00
Illinois,Brandon Henderson,Probable,off,,4921407,OL,75,Update 2 2026-10-02 19:00:00
Illinois,Kaden Feagin,Doubtful,off,,4870728,TE,83,Update 2 2026-10-02 19:00:00
Illinois,BJ Thurman,Out,off,,5369901,TE,87,Update 2 2026-10-02 19:00:00
Illinois,Darrell Prater,Probable,def,,5153131,DL,96,Update 2 2026-10-02 19:00:00
Washington,Emmanuel Karnley,Probable,def,,4923299,CB,3,Update 2 2026-10-02 19:00:00
Washington,Jordan Washington,Out,off,,5219119,RB,4,Update 2 2026-10-02 19:00:00
Washington,Christian Moss,Out,off,,4709669,WR,5,Update 2 2026-10-02 19:00:00
Washington,Jayden Limar,Out,off,,4870868,RB,17,Update 2 2026-10-02 19:00:00
Washington,Quaid Carr,Out,off,,5209302,RB,21,Update 2 2026-10-02 19:00:00
Washington,Landen Hatchett,Questionable,off,,4921406,OL,66,Update 2 2026-10-02 19:00:00
Washington,CJ Christian,Out,def,,5082027,S,,Update 2 2026-10-02 19:00:00
USC,Jahkeem Stewart,Probable,def,,5159077,DT,4,Update 2 2026-10-02 19:00:00
USC,Trent Mosley,Doubtful,off,,5160469,WR,4,Update 2 2026-10-02 19:00:00
USC,Alex Graham,Questionable,def,,5141468,S,7,Update 2 2026-10-02 19:00:00
USC,Corey Simms,Out,off,,5148664,WR,10,Update 2 2026-10-02 19:00:00
USC,Mark Bowman,Questionable,off,,5264686,TE,19,Update 2 2026-10-02 19:00:00
USC,Kendarius Reddick,Out,def,,5141644,S,23,Update 2 2026-10-02 19:00:00
USC,"Taylor ""Taybo"" Johnson",Probable,def,,5282030,LB,50,Update 2 2026-10-02 19:00:00
USC,Kilian O'Connor,Out,off,,5085032,OL,67,Update 2 2026-10-02 19:00:00
USC,Hayden Treter,Doubtful,off,,5146426,OL,68,Update 2 2026-10-02 19:00:00
USC,Alex VanSumeren,Questionable,def,,4685561,DT,91,Update 2 2026-10-02 19:00:00
Indiana,Carson Williams,Out,def,,5157419,DB,0,Update 2 2026-10-02 19:00:00
Indiana,Turbo Richard,Probable,off,,5146724,RB,1,Update 2 2026-10-02 19:00:00
Indiana,A.J. Harris,Out,def,,4870721,DB,4,Update 2 2026-10-02 19:00:00
Indiana,Rolijah Hardy,Probable,def,,5212941,LB,5,Update 2 2026-10-02 19:00:00
Indiana,Lebron Bond,Out,off,,5209424,WR,6,Update 2 2026-10-02 19:00:00
Indiana,Daniel Ndukwe,Out,def,,5146886,DL,17,Update 2 2026-10-02 19:00:00
Indiana,Sean Cuono,Questionable,off,,5164320,RB,20,Update 2 2026-10-02 19:00:00
Indiana,Khobie Martin,Out,off,,5142140,RB,28,Update 2 2026-10-02 19:00:00
Indiana,Lee Beebe Jr.,Questionable,off,,5091725,RB,29,Update 2 2026-10-02 19:00:00
Rutgers,Kaj Sanders,Probable,def,,5079671,DB,1,Update 2 2026-10-02 19:00:00
Rutgers,Antwan Raymond,Questionable,off,,5209945,RB,3,Update 2 2026-10-02 19:00:00
Rutgers,Kevyn Humes,Questionable,def,,5141511,DB,4,Update 2 2026-10-02 19:00:00
Rutgers,Dylan Braithwaite,Questionable,off,,5075319,WR,7,Update 2 2026-10-02 19:00:00
Rutgers,Kevin Levy,Out,def,,5079498,DB,7,Update 2 2026-10-02 19:00:00
Rutgers,Davoun Fuse,Out,def,,5070503,DB,19,Update 2 2026-10-02 19:00:00
Rutgers,Steven Murray,Out,def,,5210769,DB,24,Update 2 2026-10-02 19:00:00
Rutgers,Dantae Chin,Questionable,off,,4908400,OL,76,Update 2 2026-10-02 19:00:00
