team,conference,flags_committed,yards_committed,flags_drawn,yards_drawn
Notre Dame,FBS Independents,-1.65,-13.0,-0.88,-8.6
Michigan State,Big Ten,-1.43,-8.8,-0.41,-5.3
UL Monroe,Sun Belt,-1.28,-12.4,-0.57,-6.6
Kansas State,Big 12,-1.24,-9.1,-0.95,-8.4
Colorado State,Pac-12,-1.22,-14.5,-0.73,-5.3
North Carolina,ACC,-1.21,-13.4,-0.01,-1.9
Indiana,Big Ten,-1.2,-12.6,-0.49,-6.5
Army,American Athletic,-1.18,-5.3,0.09,-4.3
Delaware,Conference USA,-1.18,-9.1,-0.38,-2.9
Eastern Michigan,Mid-American,-1.14,-9.3,0.88,6.7
Western Kentucky,Conference USA,-1.08,-9.6,-1.64,-13.4
Rutgers,Big Ten,-1.0,-13.5,-0.3,-0.7
Arkansas State,Sun Belt,-0.97,-7.2,-0.18,0.3
Rice,American Athletic,-0.97,-7.4,-1.25,-9.9
Ohio,Mid-American,-0.95,-7.8,-0.15,-3.4
Virginia,ACC,-0.9,-7.2,-0.75,-3.9
Temple,American Athletic,-0.89,-8.5,-0.16,-5.3
Memphis,American Athletic,-0.87,-6.2,0.4,2.5
South Florida,American Athletic,-0.87,-10.6,-0.23,-2.1
Penn State,Big Ten,-0.86,-3.4,-0.35,-0.2
Boise State,Pac-12,-0.86,-6.1,-0.46,-0.1
Fresno State,Pac-12,-0.77,-12.4,-0.46,-9.8
Illinois,Big Ten,-0.76,-4.6,0.81,8.6
Wyoming,Mountain West,-0.73,-6.2,-0.96,-11.6
Kentucky,SEC,-0.68,-1.7,-0.45,-7.6
Air Force,Mountain West,-0.65,-6.5,-1.31,-13.4
New Mexico,Mountain West,-0.64,-9.4,0.78,5.2
NC State,ACC,-0.6,-3.7,-0.52,-4.5
Texas A&M,SEC,-0.57,-6.9,0.59,-1.7
James Madison,Sun Belt,-0.57,2.0,1.94,6.9
Akron,Mid-American,-0.56,-3.7,-0.43,2.4
Tulsa,American Athletic,-0.55,-2.1,-0.42,-1.5
San Diego State,Pac-12,-0.54,-5.5,1.29,7.3
Arizona State,Big 12,-0.53,-5.7,-1.58,-12.6
Northern Illinois,Mountain West,-0.52,-2.8,-0.54,0.3
Texas Tech,Big 12,-0.47,-1.5,0.04,-0.8
Iowa State,Big 12,-0.46,-2.6,0.35,4.4
Western Michigan,Mid-American,-0.45,-3.1,-0.01,1.7
UTEP,Mountain West,-0.45,-4.5,-0.11,2.8
Florida State,ACC,-0.44,-0.7,-0.01,-1.1
Utah,Big 12,-0.43,-4.9,0.12,2.5
Texas State,Pac-12,-0.43,-2.6,0.17,2.9
Miami,ACC,-0.42,-0.9,0.89,6.4
Georgia,SEC,-0.4,-0.6,-0.1,-4.3
San José State,Mountain West,-0.4,-5.2,-0.02,-4.5
Minnesota,Big Ten,-0.39,-3.8,-0.36,-4.0
Oklahoma State,Big 12,-0.36,1.2,-0.23,-1.5
Louisiana,Sun Belt,-0.32,-4.6,-0.04,1.7
Texas,SEC,-0.3,1.6,-0.0,1.3
North Dakota State,Mountain West,-0.28,-4.1,-0.27,-1.3
Navy,American Athletic,-0.28,-2.8,-1.24,-11.7
Marshall,Sun Belt,-0.24,0.6,0.67,3.5
Arizona,Big 12,-0.22,1.6,-0.54,-8.3
Southern Miss,Sun Belt,-0.2,1.7,0.07,4.2
Central Michigan,Mid-American,-0.19,-0.1,0.24,1.6
Nevada,Mountain West,-0.18,-0.5,1.32,14.9
Georgia State,Sun Belt,-0.12,1.4,-1.27,-8.2
LSU,SEC,-0.12,-1.9,-0.19,-1.4
Clemson,ACC,-0.09,0.4,-0.11,1.2
Buffalo,Mid-American,-0.08,3.9,0.76,6.7
Stanford,ACC,-0.05,-2.9,0.45,0.1
Jacksonville State,Conference USA,-0.05,-1.3,1.51,10.4
UNLV,Mountain West,-0.04,2.0,0.59,6.2
South Carolina,SEC,-0.04,1.8,0.37,1.2
West Virginia,Big 12,-0.02,-3.3,0.83,7.8
Ohio State,Big Ten,-0.0,-3.6,-0.24,-5.6
Arkansas,SEC,0.0,-1.9,0.69,5.3
Georgia Southern,Sun Belt,0.02,1.6,0.17,5.6
South Alabama,Sun Belt,0.02,1.8,-0.25,-2.2
Tennessee,SEC,0.02,0.4,0.84,11.7
Iowa,Big Ten,0.04,-1.0,0.3,-1.2
Florida International,Conference USA,0.04,-3.5,-0.23,-5.9
Miami (OH),Mid-American,0.04,0.3,-1.12,-10.7
Louisiana Tech,Sun Belt,0.04,0.8,0.91,11.8
Old Dominion,Sun Belt,0.05,4.2,0.05,-2.3
Hawai'i,Mountain West,0.05,-5.1,-0.44,-4.2
Boston College,ACC,0.06,0.5,-0.75,-4.3
Toledo,Mid-American,0.08,-0.6,-0.96,-10.2
Louisville,ACC,0.09,8.5,-0.18,-0.2
Sacramento State,Mid-American,0.11,2.2,-0.3,-0.9
Alabama,SEC,0.12,-6.3,0.02,-2.3
New Mexico State,Conference USA,0.13,-2.5,0.45,2.3
Houston,Big 12,0.15,0.6,0.4,-0.3
Oklahoma,SEC,0.15,0.7,0.23,-0.5
Middle Tennessee,Conference USA,0.17,-4.1,-0.47,-3.8
Troy,Sun Belt,0.23,8.6,0.09,-2.4
Oregon State,Pac-12,0.23,5.0,0.38,3.4
Wisconsin,Big Ten,0.25,0.6,-0.92,-9.8
Virginia Tech,ACC,0.26,2.3,0.18,0.1
UAB,American Athletic,0.32,3.4,-1.19,-12.5
Georgia Tech,ACC,0.33,0.9,0.68,11.3
App State,Sun Belt,0.34,0.9,0.21,0.8
Bowling Green,Mid-American,0.34,2.0,0.56,4.5
Sam Houston,Conference USA,0.37,2.3,0.61,1.4
TCU,Big 12,0.39,6.7,-0.77,-8.6
Missouri,SEC,0.39,6.4,0.83,9.9
Duke,ACC,0.49,5.1,0.91,6.8
Purdue,Big Ten,0.5,1.5,-0.34,1.0
Ball State,Mid-American,0.53,4.7,0.17,2.1
Massachusetts,Mid-American,0.53,3.5,0.78,3.7
Charlotte,American Athletic,0.53,-1.2,0.03,-0.1
BYU,Big 12,0.53,4.7,-0.95,-11.7
Baylor,Big 12,0.55,8.2,0.21,3.6
Kansas,Big 12,0.55,4.6,-0.08,0.0
Ole Miss,SEC,0.56,5.3,0.57,1.8
USC,Big Ten,0.58,5.9,-0.67,-5.0
Tulane,American Athletic,0.59,-0.4,0.3,3.3
SMU,ACC,0.59,7.0,0.37,2.5
UCF,Big 12,0.62,2.4,1.29,5.0
Pittsburgh,ACC,0.7,7.9,0.49,3.5
Auburn,SEC,0.74,4.2,1.1,4.2
Missouri State,Conference USA,0.79,2.7,0.62,12.0
Michigan,Big Ten,0.79,6.9,-0.65,-7.8
Oregon,Big Ten,0.8,8.7,-0.96,-8.3
East Carolina,American Athletic,0.84,12.6,1.32,6.7
Maryland,Big Ten,0.85,9.3,1.53,9.7
Kennesaw State,Conference USA,0.88,7.8,0.56,1.6
Utah State,Pac-12,0.88,6.7,0.1,0.9
Washington State,Pac-12,0.88,6.2,0.14,5.6
Florida Atlantic,American Athletic,0.91,7.6,0.37,1.8
Mississippi State,SEC,0.96,9.3,1.57,19.2
Florida,SEC,1.0,16.6,-0.04,3.5
UConn,FBS Independents,1.04,10.8,-1.14,-8.0
Cincinnati,Big 12,1.09,12.2,0.54,1.1
Northwestern,Big Ten,1.1,6.3,0.47,4.4
Nebraska,Big Ten,1.2,10.3,-0.1,0.9
Washington,Big Ten,1.2,11.7,0.01,1.9
Wake Forest,ACC,1.25,12.7,0.23,0.0
California,ACC,1.25,13.0,0.51,7.5
Coastal Carolina,Sun Belt,1.31,7.1,-0.22,2.8
Colorado,Big 12,1.36,14.2,0.77,2.5
UCLA,Big Ten,1.43,12.0,-0.71,-4.8
UTSA,American Athletic,1.49,21.3,1.78,12.6
North Texas,American Athletic,1.53,10.8,-0.04,2.3
Liberty,Conference USA,1.56,14.4,1.12,8.9
Vanderbilt,SEC,1.6,8.4,-0.79,-6.3
Kent State,Mid-American,1.65,9.1,-0.19,-3.2
Syracuse,ACC,2.18,23.3,0.82,2.6
