team,conference,wins,losses,rating,sos,sos_opp_win_pct,sor,wins_above_top25,sov,sov_opp_win_pct,sos_remaining,games_remaining,rating_rank,sos_rank,sor_rank,sov_rank,sos_remaining_rank
Alabama,SEC,5,0,22.7,6.57,0.6,0.081,1.76,7.39,0.6,9.38,7,1,19,1,3,25
Texas,SEC,4,0,15.1,8.62,0.714,0.089,1.64,10.68,0.714,8.58,8,12,4,2,1,30
Texas Tech,Big 12,5,0,15.5,4.53,0.462,0.105,1.57,5.35,0.462,6.16,7,8,43,3,11,54
Notre Dame,FBS Independents,5,0,20.2,5.84,0.458,0.115,1.64,5.84,0.458,3.59,7,2,25,4,8,78
BYU,Big 12,4,0,11.9,1.92,0.381,0.226,1.15,1.92,0.381,8.09,8,24,75,5,35,34
Miami,ACC,5,0,18.7,1.24,0.538,0.248,1.1,0.41,0.538,6.56,7,3,89,6,47,51
Pittsburgh,ACC,5,0,10.9,-0.15,0.5,0.279,1.02,2.32,0.5,6.1,7,29,115,7,29,56
Kentucky,SEC,4,1,11.2,8.69,0.667,0.291,1.06,6.21,0.591,10.07,7,28,3,8,5,16
Mississippi State,SEC,4,1,10.5,6.94,0.6,0.291,1.04,4.03,0.5,7.83,7,30,16,9,15,36
Indiana,Big Ten,5,0,16.6,-0.38,0.44,0.319,0.93,2.08,0.44,7.53,7,6,116,10,33,42
Houston,Big 12,4,1,14.0,6.98,0.577,0.352,0.89,5.87,0.476,8.12,7,15,15,11,7,33
Nebraska,Big Ten,5,0,18.1,0.13,0.5,0.353,0.89,2.6,0.5,8.61,7,5,111,12,25,29
UTSA,American Athletic,5,1,7.8,5.08,0.5,0.377,0.85,3.08,0.423,2.8,6,41,35,13,23,86
Florida,SEC,4,1,13.3,7.19,0.76,0.384,0.81,6.23,0.75,9.57,7,19,14,14,4,22
James Madison,Sun Belt,5,0,13.1,-2.0,0.462,0.388,0.81,-1.18,0.462,2.48,7,20,125,15,70,90
UCLA,Big Ten,4,0,14.5,1.46,0.4,0.407,0.79,1.46,0.4,4.97,8,14,85,16,41,65
Utah,Big 12,4,0,15.5,-1.23,0.381,0.409,0.69,0.82,0.381,7.54,8,9,122,17,43,41
Wisconsin,Big Ten,4,1,12.1,5.19,0.593,0.415,0.67,3.5,0.5,6.23,7,23,33,18,20,53
North Dakota State,Mountain West,5,0,13.6,-2.69,0.444,0.427,0.71,-1.87,0.444,-0.39,7,16,130,19,80,126
Ohio State,Big Ten,4,1,16.5,4.11,0.56,0.452,0.59,2.39,0.476,10.02,7,7,48,20,27,18
Missouri,SEC,4,1,15.1,6.0,0.667,0.455,0.65,5.9,0.632,8.42,7,11,22,21,6,31
Ole Miss,SEC,3,1,6.0,5.3,0.524,0.47,0.56,4.01,0.438,8.25,8,59,30,22,16,32
Georgia,SEC,5,0,18.2,-1.78,0.4,0.471,0.68,0.68,0.4,10.04,7,4,124,23,45,17
Wake Forest,ACC,4,1,7.8,2.49,0.5,0.482,0.54,-0.54,0.381,2.59,7,42,67,24,63,88
Iowa,Big Ten,5,1,9.7,2.95,0.517,0.489,0.58,1.88,0.458,9.52,6,34,66,25,36,23
Boise State,Pac-12,4,1,13.4,4.96,0.615,0.507,0.53,4.72,0.591,3.87,6,18,37,26,12,73
Northwestern,Big Ten,3,1,14.9,7.66,0.714,0.512,0.52,7.43,0.625,5.36,8,13,11,27,2,61
Oregon,Big Ten,3,1,10.0,4.8,0.65,0.532,0.44,4.01,0.625,8.82,8,32,38,28,17,28
Duke,ACC,4,0,8.4,-5.95,0.4,0.558,0.48,-3.9,0.4,6.64,8,38,138,29,103,49
Liberty,Conference USA,5,1,11.6,1.65,0.387,0.588,0.38,-0.65,0.269,-1.76,6,25,83,30,64,136
SMU,ACC,4,1,6.2,0.63,0.464,0.663,0.18,-0.22,0.455,4.88,7,58,100,31,56,67
Memphis,American Athletic,4,1,8.5,0.3,0.385,0.683,0.18,-4.0,0.286,2.41,7,36,108,32,104,92
Tennessee,SEC,4,1,13.5,2.1,0.458,0.692,0.12,1.94,0.35,10.26,7,17,73,33,34,13
Cincinnati,Big 12,4,1,5.1,1.33,0.56,0.709,0.14,1.71,0.5,10.68,7,64,86,34,38,6
USC,Big Ten,5,1,8.0,0.72,0.581,0.709,0.07,2.14,0.556,13.32,6,40,98,35,31,1
Arizona,Big 12,4,1,12.2,1.22,0.52,0.712,0.13,-0.43,0.429,7.63,7,22,90,36,60,39
Oklahoma State,Big 12,3,1,7.2,1.04,0.5,0.714,0.06,0.26,0.467,7.45,8,50,92,37,49,44
Clemson,ACC,3,2,3.0,8.05,0.625,0.727,-0.03,3.48,0.429,3.69,7,84,8,38,21,74
UCF,Big 12,3,2,10.4,7.58,0.72,0.733,-0.06,5.72,0.6,5.49,7,31,13,39,9,59
Fresno State,Pac-12,4,1,7.4,0.31,0.393,0.746,0.02,-2.65,0.273,5.11,6,48,105,40,93,62
LSU,SEC,4,1,15.2,0.44,0.542,0.771,-0.05,2.12,0.5,12.06,7,10,102,41,32,3
Florida Atlantic,American Athletic,4,1,5.3,-0.98,0.375,0.777,0.04,-3.52,0.263,5.43,7,62,119,42,99,60
Oregon State,Pac-12,3,2,13.1,6.79,0.654,0.778,-0.2,0.11,0.5,2.14,6,21,17,43,51,96
Auburn,SEC,3,2,7.0,5.76,0.64,0.78,-0.2,3.41,0.533,10.11,7,52,26,44,22,14
Toledo,Mid-American,4,1,8.5,0.06,0.333,0.802,-0.14,0.02,0.316,-0.67,7,37,113,45,53,132
Virginia Tech,ACC,4,1,7.1,-3.09,0.385,0.804,-0.14,-5.56,0.238,4.68,7,51,133,46,115,69
Georgia State,Sun Belt,4,1,9.5,-2.13,0.24,0.807,-0.07,-4.23,0.15,3.37,7,35,127,47,107,81
Vanderbilt,SEC,3,2,4.8,6.36,0.692,0.81,-0.23,3.6,0.625,10.5,7,66,21,48,19,10
North Texas,American Athletic,3,2,6.4,5.95,0.615,0.811,-0.26,1.38,0.562,0.13,7,56,23,49,42,121
Air Force,Mountain West,3,1,5.2,0.3,0.471,0.814,-0.15,-1.4,0.25,0.64,8,63,107,50,74,112
Minnesota,Big Ten,4,1,4.0,-2.42,0.462,0.819,-0.18,-2.57,0.381,12.25,7,73,128,51,91,2
Baylor,Big 12,4,1,11.2,-0.67,0.458,0.822,-0.19,-0.53,0.421,10.64,7,27,117,52,62,7
Louisiana,Sun Belt,4,1,5.8,-1.07,0.519,0.835,-0.16,-2.32,0.429,0.72,7,60,120,53,89,110
Penn State,Big Ten,3,2,9.9,4.06,0.583,0.857,-0.4,-0.88,0.467,2.51,7,33,52,54,67,89
Central Michigan,Mid-American,3,2,0.9,4.24,0.63,0.861,-0.26,-1.64,0.471,-0.94,7,96,46,55,77,133
Marshall,Sun Belt,3,2,-3.4,4.62,0.5,0.87,-0.41,-1.35,0.312,-0.04,7,124,41,56,73,123
North Carolina,ACC,2,2,7.4,7.61,0.667,0.87,-0.5,5.68,0.545,7.73,8,49,12,57,10,38
South Florida,American Athletic,4,2,6.3,1.86,0.516,0.87,-0.55,-0.27,0.45,0.87,6,57,79,58,57,106
Jacksonville State,Conference USA,4,2,3.2,1.82,0.467,0.871,-0.49,-1.42,0.3,-1.77,6,82,80,59,75,137
New Mexico,Mountain West,4,1,11.5,-3.91,0.346,0.874,-0.3,-4.99,0.318,2.12,7,26,134,60,111,98
App State,Sun Belt,3,1,1.5,-4.23,0.3,0.877,-0.3,-6.93,0.2,1.5,8,94,136,61,124,101
Oklahoma,SEC,2,2,4.5,6.52,0.65,0.878,-0.41,1.76,0.5,10.08,8,67,20,62,37,15
Ohio,Mid-American,3,2,2.9,4.12,0.593,0.879,-0.44,-1.7,0.438,-1.82,7,86,47,63,78,138
Michigan State,Big Ten,2,3,4.3,11.05,0.808,0.881,-0.54,4.47,0.636,6.15,7,71,2,64,13,55
Western Michigan,Mid-American,3,2,4.0,3.25,0.538,0.898,-0.69,-1.89,0.438,-1.01,7,74,58,65,81,134
Louisiana Tech,Sun Belt,2,2,-0.1,3.66,0.5,0.901,-0.41,-5.87,0.2,-0.46,8,103,53,66,117,129
NC State,ACC,3,2,3.9,3.21,0.654,0.905,-0.7,2.83,0.688,3.32,7,75,59,67,24,82
South Alabama,Sun Belt,4,2,3.5,0.31,0.467,0.914,-0.7,-2.15,0.381,0.21,6,78,106,68,86,117
Colorado,Big 12,2,3,1.7,8.57,0.667,0.926,-0.82,-1.47,0.4,7.87,7,93,5,69,76,35
Iowa State,Big 12,3,2,7.5,2.11,0.6,0.927,-0.68,-0.78,0.4,9.95,7,45,72,70,66,20
Arizona State,Big 12,2,2,-0.5,4.53,0.684,0.94,-0.84,1.66,0.667,7.4,8,108,42,71,39,45
West Virginia,Big 12,3,2,4.5,1.08,0.458,0.94,-0.85,-0.35,0.333,9.88,7,68,91,72,58,21
Massachusetts,Mid-American,4,1,6.4,-4.88,0.308,0.944,-0.58,-5.19,0.25,-0.53,7,55,137,73,112,131
Kansas State,Big 12,3,1,7.5,-4.01,0.429,0.945,-0.45,-4.31,0.312,6.63,8,46,135,74,108,50
Purdue,Big Ten,2,3,3.9,7.83,0.68,0.945,-0.95,0.41,0.364,7.46,7,76,9,75,48,43
Texas A&M,SEC,3,2,7.7,1.78,0.542,0.947,-0.71,-1.72,0.357,10.58,7,43,82,76,79,8
Arkansas,SEC,2,3,0.4,8.1,0.76,0.949,-0.93,1.64,0.636,10.34,7,100,7,77,40,12
Michigan,Big Ten,3,2,4.4,0.39,0.6,0.954,-1.0,0.19,0.429,9.29,7,69,103,78,50,26
Tulsa,American Athletic,3,2,3.4,0.95,0.44,0.954,-1.05,0.7,0.4,2.31,7,80,94,79,44,94
Tulane,American Athletic,2,2,-0.7,3.38,0.632,0.955,-0.81,-1.17,0.455,3.64,8,111,56,80,68,76
Virginia,ACC,3,2,6.9,1.0,0.519,0.956,-0.97,0.42,0.5,5.03,7,53,93,81,46,63
Army,American Athletic,2,2,6.6,3.36,0.6,0.96,-1.04,3.61,0.6,2.99,8,54,57,82,18,84
UNLV,Mountain West,3,2,2.9,0.68,0.44,0.962,-1.03,-5.2,0.267,2.45,7,88,99,83,113,91
Florida State,ACC,3,3,7.5,4.77,0.594,0.964,-1.07,-0.05,0.438,7.78,6,44,40,84,54,37
Troy,Sun Belt,3,2,3.2,0.52,0.407,0.968,-0.86,-2.24,0.312,2.96,7,83,101,85,87,85
UAB,American Athletic,3,2,-0.5,-1.27,0.333,0.97,-1.01,-4.04,0.143,4.03,7,109,123,86,106,72
San Diego State,Pac-12,2,3,0.2,5.49,0.667,0.971,-1.14,-2.27,0.3,4.97,6,102,28,87,88,64
Maryland,Big Ten,2,3,2.1,4.97,0.64,0.973,-1.18,-5.33,0.273,6.82,7,89,36,88,114,48
Temple,American Athletic,2,3,4.4,5.15,0.615,0.977,-1.44,2.45,0.583,0.16,7,70,34,89,26,120
Louisville,ACC,3,3,8.1,2.02,0.613,0.978,-1.63,2.25,0.529,5.8,6,39,74,90,30,58
Florida International,Conference USA,3,2,3.3,-2.04,0.464,0.98,-1.02,-5.88,0.294,1.27,7,81,126,91,118,103
Texas State,Pac-12,2,3,4.9,5.45,0.64,0.98,-1.44,4.13,0.5,3.6,6,65,29,92,14,77
Syracuse,ACC,2,2,2.9,1.31,0.524,0.981,-0.97,-2.64,0.364,6.56,8,87,88,93,92,52
Stanford,ACC,2,3,-6.2,4.78,0.652,0.982,-1.25,-3.43,0.222,7.12,7,132,39,94,98,47
Wyoming,Mountain West,3,3,-3.1,1.91,0.5,0.982,-1.47,-4.01,0.353,0.04,6,123,78,95,105,122
Georgia Southern,Sun Belt,2,3,3.4,4.35,0.538,0.982,-1.57,-1.32,0.3,2.16,7,79,44,96,72,95
East Carolina,American Athletic,2,2,2.0,3.01,0.55,0.983,-0.83,-6.09,0.273,2.59,8,91,64,97,120,87
TCU,Big 12,2,3,7.5,4.11,0.583,0.987,-1.53,-0.51,0.455,9.39,7,47,49,98,61,24
Eastern Michigan,Mid-American,3,3,0.5,0.8,0.5,0.988,-1.4,-3.33,0.429,1.88,6,99,96,99,96,99
South Carolina,SEC,2,3,5.8,4.08,0.577,0.992,-1.35,-5.86,0.182,9.24,7,61,51,100,116,27
Colorado State,Pac-12,2,3,0.7,2.97,0.63,0.992,-1.61,-2.85,0.417,4.88,6,98,65,101,94,66
California,ACC,2,3,-0.4,1.91,0.565,0.992,-1.72,-3.38,0.333,4.62,7,106,77,102,97,70
San José State,Mountain West,3,3,-1.7,0.28,0.559,0.992,-1.81,-3.55,0.412,2.4,7,115,109,103,101,93
Kent State,Mid-American,2,3,-1.1,3.4,0.5,0.994,-1.53,-2.06,0.364,0.6,7,112,55,104,84,114
Illinois,Big Ten,2,3,4.1,3.14,0.64,0.994,-1.66,-0.36,0.545,11.12,7,72,61,105,59,5
Delaware,Conference USA,2,3,-1.4,1.46,0.519,0.994,-1.68,-5.94,0.273,-0.45,7,114,84,106,119,128
Buffalo,Mid-American,2,3,-3.6,2.32,0.577,0.994,-1.77,-0.75,0.545,0.73,7,126,68,107,65,109
Utah State,Pac-12,2,4,-1.7,5.93,0.613,0.994,-1.89,0.06,0.364,6.08,5,116,24,108,52,57
Kansas,Big 12,2,2,3.5,-2.81,0.45,0.996,-1.32,-6.78,0.273,10.5,8,77,131,109,123,9
Washington,Big Ten,3,3,1.9,-0.78,0.514,0.996,-1.9,-3.32,0.222,11.84,6,92,118,110,95,4
Bowling Green,Mid-American,1,4,-3.5,8.46,0.731,0.996,-2.02,-0.07,0.4,-0.05,7,125,6,111,55,124
Miami (OH),Mid-American,2,3,-0.1,0.9,0.538,0.998,-1.78,-1.93,0.364,0.79,7,104,95,112,83,108
Boston College,ACC,2,3,-3.1,0.0,0.538,0.998,-1.85,-7.11,0.182,10.42,7,121,114,113,127,11
Ball State,Mid-American,1,4,-3.1,7.68,0.692,0.998,-2.02,-1.18,0.6,2.12,7,120,10,114,69,97
Middle Tennessee,Conference USA,2,3,-2.1,-1.09,0.44,0.998,-2.03,-6.42,0.2,0.22,7,117,121,115,121,116
Arkansas State,Sun Belt,2,4,-0.3,3.03,0.516,0.998,-2.29,-3.55,0.2,-0.43,6,105,62,116,100,127
Western Kentucky,Conference USA,2,4,-3.8,4.33,0.484,0.999,-1.87,-7.7,0.182,1.64,6,127,45,117,129,100
Rice,American Athletic,1,4,1.4,6.62,0.741,0.999,-2.19,-2.15,0.5,4.49,7,95,18,118,85,71
Georgia Tech,ACC,1,3,0.4,0.8,0.571,0.999,-2.24,2.38,0.667,7.54,8,101,97,119,28,40
Old Dominion,Sun Belt,1,4,-4.7,5.28,0.72,0.999,-2.36,-1.22,0.5,0.17,7,128,31,120,71,119
UConn,FBS Independents,2,3,2.1,-2.67,0.333,0.999,-2.38,-7.08,0.2,3.53,7,90,129,121,126,80
Navy,American Athletic,1,3,2.9,1.92,0.5,1.0,-1.91,-10.57,0.0,4.71,8,85,76,122,133,68
Northern Illinois,Mountain West,0,4,-5.3,11.62,0.773,1.0,-1.97,,,0.34,8,130,1,123,,115
Sam Houston,Conference USA,1,4,-1.2,5.76,0.667,1.0,-2.09,-9.07,0.333,-1.63,7,113,27,124,131,135
UTEP,Mountain West,1,4,-8.0,5.23,0.542,1.0,-2.16,-11.51,0.2,-0.22,7,136,32,125,134,125
Nevada,Mountain West,1,3,0.9,0.12,0.571,1.0,-2.3,-3.76,0.333,3.58,8,97,112,126,102,79
Kennesaw State,Conference USA,1,4,-0.4,3.02,0.556,1.0,-2.61,-6.68,0.2,0.8,7,107,63,127,122,107
Sacramento State,Mid-American,1,4,-7.3,1.82,0.667,1.0,-2.61,-14.65,0.333,0.2,7,134,81,128,135,118
Akron,Mid-American,1,4,-8.0,3.55,0.68,1.0,-2.65,-1.9,0.6,0.7,7,135,54,129,82,111
New Mexico State,Conference USA,2,4,-2.5,0.14,0.424,1.0,-2.65,-7.06,0.25,0.87,6,118,110,130,125,105
Southern Miss,Sun Belt,1,4,-5.8,2.24,0.52,1.0,-2.79,-4.44,0.5,0.64,7,131,69,131,109,113
Rutgers,Big Ten,1,4,-2.7,2.22,0.692,1.0,-2.81,-4.45,0.4,10.01,7,119,70,132,110,19
Missouri State,Conference USA,1,4,-5.0,0.34,0.52,1.0,-2.83,-9.09,0.25,1.22,7,129,104,133,132,104
Coastal Carolina,Sun Belt,1,4,-0.6,1.31,0.481,1.0,-2.88,-7.44,0.167,3.66,7,110,87,134,128,75
Washington State,Pac-12,1,5,-3.1,3.2,0.567,1.0,-3.36,-8.07,0.25,7.29,5,122,60,135,130,46
Hawai'i,Mountain West,1,4,-7.2,-2.92,0.464,1.0,-3.48,-2.52,0.333,1.31,7,133,132,136,90,102
UL Monroe,Sun Belt,0,5,-8.8,4.11,0.692,1.0,-3.57,,,-0.46,7,137,50,137,,130
Charlotte,American Athletic,0,5,-11.3,2.2,0.696,1.0,-3.79,,,3.14,7,138,71,138,,83
