team,record,sp_rank,sp,off,off_rank,def,def_rank,st,st_rank
Georgia,5-0,1,30.2,41.6,1,11.8,1,0.5,1
Ohio State,4-1,2,28.8,41.6,1,12.7,2,-0.1,84
Notre Dame,5-0,3,28.1,40.5,4,12.7,2,0.2,32
Indiana,5-0,4,26.9,40.3,5,13.7,7,0.3,14
Miami,5-0,5,25.7,39.5,8,14.0,8,0.2,33
Alabama,5-0,6,23.0,39.6,7,16.6,13,0.0,67
Texas,4-0,7,22.4,35.7,16,13.6,5,0.3,15
Oregon,3-1,8,21.6,40.3,5,19.0,25,0.3,16
Utah,4-0,9,21.5,37.1,13,15.7,11,0.1,48
LSU,4-1,10,21.3,34.7,22,13.4,4,0.0,68
Texas Tech,5-0,11,20.2,37.5,11,17.6,17,0.3,17
Florida,4-1,12,18.5,38.8,9,20.8,31,0.5,2
USC,5-1,13,17.8,41.5,3,23.7,49,-0.1,85
Tennessee,4-1,14,17.7,36.8,14,19.3,26,0.2,34
Nebraska,5-0,15,16.9,35.2,20,18.3,22,0.0,69
Penn State,3-2,15,16.9,32.7,28,16.1,12,0.3,18
BYU,4-0,17,16.3,34.3,24,18.2,21,0.3,19
Mississippi State,4-1,18,15.1,37.9,10,23.1,47,0.3,20
Iowa,4-1,19,14.8,29.0,51,14.5,10,0.3,21
Pittsburgh,5-0,20,14.7,32.0,36,17.4,15,0.1,49
Virginia,3-2,21,14.4,32.4,29,18.1,20,0.1,50
Michigan,3-2,22,14.3,28.8,52,14.4,9,-0.1,86
Kansas State,3-1,23,14.0,35.0,21,21.2,34,0.2,35
UCLA,4-0,24,13.8,35.7,16,22.0,40,0.1,51
Missouri,4-1,25,13.7,31.2,40,17.3,14,-0.2,100
SMU,4-1,26,13.0,35.7,16,22.3,41,-0.4,124
Oklahoma,2-2,27,12.8,26.1,75,13.6,5,0.2,36
Virginia Tech,4-1,28,12.3,32.9,27,20.6,30,0.0,70
Houston,4-1,29,12.1,36.3,15,24.2,53,-0.1,87
Washington,3-2,29,12.1,29.9,45,17.7,18,-0.1,88
Auburn,3-2,31,11.4,28.7,53,17.5,16,0.3,22
Ole Miss,3-1,32,11.1,37.2,12,26.6,75,0.5,3
Arizona,4-1,33,10.7,32.3,32,21.3,38,-0.3,112
Duke,4-0,34,10.2,32.4,29,22.4,42,0.2,37
Oklahoma State,3-1,34,10.2,32.2,33,22.4,42,0.4,5
James Madison,5-0,36,9.9,29.4,48,19.5,27,0.0,71
Louisville,2-3,36,9.9,35.4,19,25.7,66,0.1,52
Cincinnati,4-1,38,9.2,34.4,23,25.5,63,0.2,38
Texas A&M,3-2,39,8.9,31.4,38,22.5,44,0.0,72
UCF,3-2,40,8.7,27.0,65,18.4,23,0.1,53
Illinois,2-3,41,8.5,34.3,24,26.2,69,0.4,6
TCU,2-3,42,8.2,28.2,58,19.9,28,-0.1,89
Baylor,4-1,43,8.1,28.5,55,20.8,31,0.5,4
Kentucky,4-1,44,8.0,31.2,40,23.1,47,-0.1,90
North Dakota State,5-0,45,7.8,28.6,54,20.9,33,0.2,39
New Mexico,4-1,46,7.7,27.9,61,20.4,29,0.2,40
Boise State,4-1,47,7.6,32.4,29,24.8,56,0.0,73
South Carolina,2-3,48,7.5,31.3,39,24.1,51,0.4,7
Vanderbilt,3-2,48,7.5,29.8,46,22.6,45,0.4,8
Northwestern,3-1,50,7.3,28.1,59,21.2,34,0.4,9
Wisconsin,4-1,51,6.9,24.9,84,18.0,19,0.0,74
Minnesota,4-1,52,6.5,27.7,62,21.2,34,-0.1,91
Florida State,3-2,53,5.7,32.1,35,26.5,74,0.1,54
Clemson,3-2,54,4.9,23.5,91,18.9,24,0.3,23
Maryland,2-3,55,3.9,28.4,56,24.7,54,0.1,55
South Florida,4-1,55,3.9,29.3,49,25.4,61,0.0,75
Wake Forest,4-1,57,3.7,29.1,50,25.5,63,0.2,41
Iowa State,3-2,58,3.4,24.5,86,21.4,39,0.3,24
NC State,3-2,58,3.4,31.5,37,28.0,84,-0.1,92
Arizona State,2-2,60,3.0,26.3,73,22.8,46,-0.5,135
North Carolina,2-2,60,3.0,23.9,88,21.2,34,0.3,25
Liberty,4-1,62,2.5,27.4,63,24.7,54,-0.1,93
Memphis,4-1,63,2.3,32.2,33,30.0,97,0.2,42
West Virginia,3-2,64,1.4,30.4,43,29.1,92,0.1,56
Oregon State,3-2,65,1.2,26.5,67,24.8,56,-0.5,136
Kansas,2-2,66,1.0,26.4,70,25.8,67,0.4,10
Michigan State,2-3,67,0.3,25.3,80,24.9,58,0.0,76
Toledo,4-1,67,0.3,26.5,67,25.9,68,-0.3,113
Georgia Tech,1-3,69,-0.1,26.6,66,26.9,76,0.2,43
Arkansas,2-3,70,-0.3,28.1,59,28.7,90,0.3,26
Fresno State,4-1,70,-0.3,23.6,90,24.0,50,0.1,57
Army,2-2,72,-0.8,26.1,75,27.0,77,0.1,58
UTSA,4-1,73,-1.0,30.0,44,31.0,99,0.0,77
Syracuse,2-2,74,-1.2,22.6,97,24.1,51,0.3,27
Rutgers,1-4,75,-1.6,31.0,42,32.8,112,0.2,44
Texas State,2-3,76,-1.8,33.7,26,35.4,122,-0.1,94
Jacksonville State,3-2,77,-2.2,26.4,70,28.4,87,-0.2,101
UNLV,3-2,78,-2.4,26.1,75,28.5,89,0.0,78
East Carolina,2-2,79,-2.8,23.4,92,26.2,69,-0.1,95
Louisiana,4-1,80,-3.0,25.1,83,27.8,82,-0.3,114
California,2-3,81,-3.2,23.3,93,26.2,69,-0.4,125
Colorado,2-3,82,-3.3,22.2,99,25.1,59,-0.4,126
Air Force,3-1,83,-3.4,26.2,74,29.7,94,0.1,59
Tulsa,3-2,83,-3.4,21.7,101,25.3,60,0.1,60
Navy,1-3,85,-3.7,25.9,78,29.8,95,0.1,61
UConn,2-3,85,-3.7,25.5,79,29.6,93,0.3,28
Florida Atlantic,4-1,87,-4.2,27.2,64,31.7,106,0.3,29
Miami (OH),2-3,88,-4.3,24.5,86,28.9,91,0.1,62
App State,3-1,89,-4.4,25.3,80,29.8,95,0.2,45
Boston College,2-3,90,-4.6,20.9,106,25.6,65,0.1,63
North Texas,3-2,91,-5.7,29.7,47,35.1,120,-0.3,115
Temple,2-3,92,-6.1,26.5,67,32.8,112,0.1,64
Massachusetts,4-1,93,-6.2,21.7,101,27.8,82,-0.1,96
Purdue,2-3,94,-6.4,28.3,57,35.1,120,0.4,11
Nevada,1-3,95,-6.5,21.6,103,28.4,87,0.4,12
Western Michigan,3-2,96,-7.2,19.1,113,26.3,72,0.0,79
Colorado State,2-3,97,-7.3,26.4,70,33.6,116,0.0,80
Tulane,2-2,97,-7.3,20.0,109,27.6,80,0.3,30
Florida International,2-2,99,-7.6,17.9,124,25.4,61,-0.2,102
San Diego State,2-3,100,-7.8,19.9,110,28.1,86,0.4,13
Old Dominion,1-4,101,-7.9,18.8,117,26.4,73,-0.3,116
Stanford,2-3,102,-8.4,22.3,98,30.3,98,-0.3,117
Georgia Southern,2-3,103,-8.6,23.0,95,31.4,104,-0.2,103
Troy,3-2,104,-8.8,19.3,112,28.0,84,-0.1,97
Utah State,1-4,105,-9.3,18.2,121,27.1,78,-0.4,127
Washington State,1-4,105,-9.3,18.4,120,27.5,79,-0.2,104
Arkansas State,2-3,107,-9.5,23.3,93,32.7,110,-0.1,98
Louisiana Tech,2-2,108,-9.8,21.5,104,31.3,101,0.0,81
Ohio,3-2,109,-10.5,21.2,105,31.3,101,-0.4,128
Delaware,2-3,110,-10.7,21.8,100,32.2,108,-0.3,118
Georgia State,4-1,111,-11.2,24.6,85,35.6,125,-0.2,105
Coastal Carolina,1-4,112,-11.4,22.8,96,34.1,119,-0.1,99
Kennesaw State,1-3,113,-11.7,20.1,108,31.3,101,-0.4,129
Hawai'i,1-4,114,-12.2,19.8,111,32.2,108,0.2,46
Marshall,3-2,115,-12.5,25.2,82,37.7,134,0.0,82
Wyoming,2-3,116,-12.7,15.1,126,27.6,80,-0.2,106
Sam Houston,1-3,117,-14.1,19.1,113,32.8,112,-0.4,130
UAB,3-2,118,-14.3,18.9,116,33.0,115,-0.2,107
Rice,1-4,119,-15.1,18.5,119,33.6,116,0.0,83
San José State,3-2,119,-15.1,16.6,125,31.5,105,-0.2,108
South Alabama,3-2,121,-15.4,23.9,88,38.8,136,-0.4,131
Middle Tennessee,2-3,122,-16.0,18.0,123,34.0,118,0.1,65
Western Kentucky,1-4,123,-16.4,20.2,107,36.8,131,0.2,47
Buffalo,2-3,124,-17.2,14.5,129,32.1,107,0.3,31
Missouri State,1-3,125,-17.6,18.7,118,35.9,128,-0.4,132
New Mexico State,2-3,126,-17.8,18.1,122,35.7,126,-0.2,109
Eastern Michigan,3-3,127,-18.0,15.0,127,32.7,110,-0.2,110
Southern Miss,1-4,128,-18.4,19.0,115,37.1,132,-0.4,133
Central Michigan,3-2,129,-18.7,12.7,136,31.1,100,-0.3,119
Kent State,2-3,130,-22.4,13.4,132,35.4,122,-0.3,120
Sacramento State,1-4,131,-22.9,12.8,133,35.5,124,-0.2,111
Akron,1-4,132,-23.1,14.0,130,36.6,130,-0.5,137
Northern Illinois,0-4,133,-23.9,12.8,133,36.4,129,-0.3,121
UTEP,1-4,134,-24.0,14.7,128,38.3,135,-0.4,134
Ball State,1-4,135,-25.0,12.8,133,37.5,133,-0.3,122
Bowling Green,1-4,136,-26.4,9.2,138,35.7,126,0.1,66
Charlotte,0-0,137,-27.3,12.2,137,39.2,137,-0.3,123
UL Monroe,0-5,138,-29.0,13.8,131,42.3,138,-0.5,138
