team,conference,games,wins,losses,kickReturnTDs,kickReturnTDsOpponent,kickReturnYards,kickReturnYardsOpponent,kickReturns,kickReturnsOpponent,puntReturnTDs,puntReturnTDsOpponent,puntReturnYards,puntReturnYardsOpponent,puntReturns,puntReturnsOpponent
Alabama,SEC,4,4,0,0,0,114,91,5,6,0,0,53,14,7,6
Arizona,Big 12,4,3,1,0,0,57,100,3,3,1,,79,,4,
Arizona State,Big 12,3,2,1,1,0,138,107,3,6,0,1,20,98,5,3
Arkansas,SEC,4,2,2,0,0,25,29,1,2,0,0,33,3,4,1
Auburn,SEC,4,3,1,0,,111,,5,,1,0,41,13,6,2
BYU,Big 12,3,3,0,1,0,126,34,3,1,0,0,100,5,6,1
Baylor,Big 12,4,3,1,0,0,105,78,4,5,0,0,165,2,13,2
Boston College,ACC,4,2,2,0,0,66,78,4,4,0,0,20,99,3,7
California,ACC,4,2,2,0,0,73,255,4,10,0,1,7,130,4,6
Cincinnati,Big 12,4,4,0,0,1,166,219,8,9,0,0,80,0,8,3
Clemson,ACC,4,3,1,0,0,239,45,11,3,1,0,117,13,8,3
Colorado,Big 12,4,2,2,0,1,169,265,10,8,0,0,14,141,6,11
Duke,ACC,4,4,0,0,0,18,81,1,4,0,0,70,65,7,6
Florida,SEC,4,4,0,0,0,181,150,6,8,2,,205,,7,
Florida State,ACC,4,2,2,0,0,191,102,9,5,0,0,50,10,5,4
Georgia,SEC,4,4,0,1,0,175,92,6,4,0,0,115,20,11,3
Georgia Tech,ACC,4,1,3,1,0,334,35,9,2,1,0,26,8,3,4
Houston,Big 12,4,3,1,0,0,119,145,5,10,0,0,28,15,4,2
Illinois,Big Ten,4,2,2,0,0,55,38,3,2,0,0,92,19,3,2
Indiana,Big Ten,4,4,0,0,0,218,114,10,6,0,0,72,11,6,1
Iowa,Big Ten,4,4,0,1,0,149,130,3,7,1,0,188,-1,12,1
Iowa State,Big 12,4,2,2,1,0,205,90,6,4,1,0,135,45,9,5
Kansas,Big 12,3,1,2,0,1,48,118,3,2,1,0,116,7,8,1
Kansas State,Big 12,4,3,1,0,0,102,68,6,4,1,0,137,42,9,3
Kentucky,SEC,4,3,1,0,0,91,10,5,1,0,0,17,13,7,3
LSU,SEC,4,3,1,0,0,38,97,2,5,0,0,43,6,5,4
Louisville,ACC,4,2,2,0,0,145,68,8,4,0,0,46,12,6,3
Maryland,Big Ten,4,2,2,0,0,34,216,4,12,0,0,73,50,6,5
Miami,ACC,4,4,0,0,0,134,54,7,3,0,0,70,14,5,2
Michigan,Big Ten,4,3,1,0,1,118,188,5,5,0,0,18,18,5,5
Michigan State,Big Ten,4,2,2,0,0,172,83,8,4,0,0,68,12,6,1
Minnesota,Big Ten,4,3,1,0,0,145,71,6,4,2,0,304,9,14,3
Mississippi State,SEC,4,4,0,0,0,36,244,3,9,,0,,4,,1
Missouri,SEC,4,3,1,0,0,155,40,6,2,1,,102,,4,
NC State,ACC,4,2,2,0,0,72,73,3,5,0,0,107,0,11,1
Nebraska,Big Ten,4,4,0,0,0,80,128,4,8,0,0,72,7,11,2
North Carolina,ACC,3,2,1,0,0,39,107,2,5,0,0,26,52,3,5
Northwestern,Big Ten,3,2,1,0,0,122,147,6,9,0,0,9,1,2,1
Ohio State,Big Ten,4,3,1,0,0,46,78,3,6,0,0,46,11,10,2
Oklahoma,SEC,4,2,2,0,0,105,24,5,1,1,0,130,35,7,5
Oklahoma State,Big 12,4,3,1,0,0,44,43,4,2,0,0,149,-1,10,1
Ole Miss,SEC,4,3,1,0,0,120,222,7,8,0,0,7,19,3,2
Oregon,Big Ten,4,3,1,0,0,49,70,4,6,0,0,26,6,4,2
Penn State,Big Ten,4,3,1,0,0,71,98,4,6,0,,188,,15,
Pittsburgh,ACC,4,4,0,0,0,90,246,5,11,0,0,61,17,8,3
Purdue,Big Ten,4,1,3,0,0,58,143,3,7,0,0,34,21,7,3
Rutgers,Big Ten,4,1,3,0,0,17,40,1,4,0,,24,,3,
SMU,ACC,4,3,1,0,0,111,51,7,2,0,0,59,41,10,3
South Carolina,SEC,4,2,2,0,0,169,82,8,5,2,0,175,11,10,2
Stanford,ACC,4,2,2,0,0,225,131,11,6,0,0,46,17,8,4
Syracuse,ACC,3,1,2,0,0,131,84,7,5,0,0,181,2,11,1
TCU,Big 12,4,2,2,0,0,80,41,4,3,0,0,169,26,15,3
Tennessee,SEC,4,3,1,0,0,104,132,5,7,1,1,95,81,7,5
Texas,SEC,4,4,0,0,0,91,137,7,7,0,1,96,74,8,5
Texas A&M,SEC,4,2,2,0,0,43,79,4,4,0,0,64,-2,8,6
Texas Tech,Big 12,4,4,0,0,1,205,181,8,6,0,0,105,25,11,3
UCF,Big 12,4,3,1,0,0,205,96,7,7,0,0,207,28,10,4
UCLA,Big Ten,4,4,0,0,0,126,72,6,6,0,0,110,57,9,9
USC,Big Ten,5,4,1,0,0,170,134,10,7,1,0,180,2,9,1
Utah,Big 12,4,4,0,0,0,51,103,2,5,0,0,53,-1,7,3
Vanderbilt,SEC,4,3,1,0,0,118,37,7,2,2,2,126,113,8,9
Virginia,ACC,4,3,1,0,0,86,97,3,6,0,0,33,38,5,3
Virginia Tech,ACC,4,4,0,0,,50,,3,,1,,285,,14,
Wake Forest,ACC,4,3,1,0,0,128,67,6,5,0,0,58,-3,4,2
Washington,Big Ten,4,3,1,0,0,136,115,7,7,0,0,29,67,5,7
West Virginia,Big 12,4,3,1,0,0,42,16,2,1,0,0,25,6,3,1
Wisconsin,Big Ten,4,3,1,0,0,197,123,8,7,1,0,51,28,3,3
