game_id,week,start,away,home,neutral,p4_game,market_total,market_open,books,proj_away,proj_home,proj_total,injury_adj,exp_plays_away,exp_plays_home,exp_epa_away,exp_epa_home,matchup_adj,run_rate_away,exp_rush_epa_away,exp_pass_epa_away,run_rate_home,exp_rush_epa_home,exp_pass_epa_home,edge,pick,games_home,games_away,enough_data,actual_total,market_spread,market_spread_open,proj_margin,spread_edge,spread_pick,actual_margin
401858253,5,2026-10-03T19:30:00.000Z,Virginia,Florida State,False,True,51.5,51.5,"Bovada, DraftKings",24.4,35.3,59.8,0.0,68.6,63.4,0.081,0.21,0.2,0.525,0.039,0.183,0.572,0.167,0.316,8.3,OVER,4,4,True,,1.25,2.0,-5.5,-4.3,Virginia -1.25,
401858251,5,2026-10-03T16:00:00.000Z,Stanford,Wake Forest,False,True,53.75,54.5,"Bovada, DraftKings",19.0,42.9,61.9,0.0,73.7,70.3,0.021,0.256,-2.6,0.422,-0.029,0.126,0.435,0.188,0.376,8.1,OVER,4,4,True,,-14.5,-12.75,32.1,17.6,Wake Forest -14.5,
401858473,5,2026-10-03T19:30:00.000Z,Ohio State,Iowa,False,True,45.5,45.25,"Bovada, DraftKings",20.4,33.1,53.5,0.7,60.8,66.3,0.055,0.175,-0.9,0.493,-0.023,0.183,0.425,0.135,0.267,8.0,OVER,4,4,True,,14.25,14.0,-5.1,9.2,Iowa +14.25,
401856821,5,2026-10-03T23:30:00.000Z,Texas Tech,Colorado,False,True,49.5,50.25,"Bovada, DraftKings",20.9,36.7,57.5,0.0,78.9,76.0,0.031,0.176,0.2,0.51,-0.015,0.138,0.42,0.136,0.275,8.0,OVER,4,4,True,,13.5,14.0,-4.4,9.1,Colorado +13.5,
401856708,5,2026-10-03T19:30:00.000Z,Florida,Missouri,False,True,57.75,55.0,"Bovada, DraftKings",20.8,42.5,63.3,0.0,68.5,80.9,0.045,0.211,0.8,0.588,0.032,0.109,0.43,0.141,0.332,5.6,OVER,4,4,True,,5.5,3.25,11.9,17.4,Missouri +5.5,
401858479,5,2026-10-03T16:30:00.000Z,Michigan State,Wisconsin,False,True,43.25,44.5,"Bovada, DraftKings",14.8,33.5,48.3,0.8,61.4,57.6,-0.008,0.216,0.8,0.55,-0.019,0.068,0.52,0.16,0.302,5.1,OVER,4,4,True,,-9.5,-10.25,21.1,11.6,Wisconsin -9.5,
401856709,5,2026-10-03T20:15:00.000Z,Kentucky,South Carolina,False,True,53.5,51.5,"Bovada, DraftKings",18.6,39.8,58.4,0.0,56.2,79.5,0.043,0.193,-1.1,0.487,0.011,0.135,0.474,0.193,0.255,4.9,OVER,4,4,True,,-2.5,-5.0,2.0,-0.5,Kentucky +2.5,
401858478,5,2026-10-03T23:30:00.000Z,Washington,USC,False,True,58.25,56.5,"Bovada, DraftKings",17.9,35.8,53.7,-1.1,61.3,66.2,0.026,0.203,0.2,0.437,-0.016,0.132,0.519,0.13,0.358,-4.5,UNDER,5,4,True,,-8.75,-10.0,15.4,6.7,USC -8.75,
401858477,5,2026-10-04T00:00:00.000Z,Indiana,Rutgers,False,True,56.75,54.5,"Bovada, DraftKings",20.4,32.2,52.6,-0.3,57.4,60.4,0.061,0.189,-0.2,0.591,0.023,0.168,0.472,0.124,0.31,-4.2,UNDER,4,4,True,,24.5,23.25,-16.4,8.1,Rutgers +24.5,
401856820,5,2026-10-04T03:00:00.000Z,Cincinnati,Arizona,False,True,55.5,54.75,"Bovada, DraftKings",19.0,40.3,59.3,0.0,67.0,68.1,0.03,0.24,-0.3,0.483,0.021,0.099,0.399,0.182,0.35,3.8,OVER,4,4,True,,-6.75,-7.75,22.2,15.4,Arizona -6.75,
401858248,5,2026-10-03T19:30:00.000Z,Louisville,NC State,False,True,57.5,60.0,"Bovada, DraftKings",21.2,39.9,61.2,0.0,64.7,72.9,0.056,0.217,0.3,0.515,0.021,0.151,0.542,0.144,0.358,3.7,OVER,4,4,True,,3.0,6.75,0.2,3.2,NC State +3,
401856705,5,2026-10-03T16:45:00.000Z,Vanderbilt,Georgia,False,True,50.75,55.0,"Bovada, DraftKings",15.3,32.1,47.4,0.0,64.8,59.0,-0.006,0.193,1.6,0.444,-0.029,0.078,0.492,0.156,0.29,-3.4,UNDER,4,4,True,,-25.5,-24.25,24.9,-0.6,Vanderbilt +25.5,
401856710,5,2026-10-03T19:30:00.000Z,Auburn,Tennessee,False,True,53.75,56.0,"Bovada, DraftKings",15.6,41.5,57.0,0.0,74.5,79.0,-0.011,0.209,2.2,0.452,0.005,0.041,0.556,0.181,0.293,3.3,OVER,4,4,True,,-6.5,-7.5,20.2,13.7,Tennessee -6.5,
401858249,5,2026-10-03T23:30:00.000Z,Miami,Clemson,False,True,47.5,52.25,"Bovada, DraftKings",21.5,29.2,50.6,0.0,72.6,60.6,0.045,0.153,-0.5,0.432,0.045,0.113,0.409,0.136,0.235,3.1,OVER,4,4,True,,15.5,12.0,-21.7,-6.2,Miami -15.5,
401856819,5,2026-10-03T16:00:00.000Z,UCF,Houston,False,True,50.75,51.5,"Bovada, DraftKings",16.2,37.5,53.7,0.0,57.5,67.9,0.011,0.214,0.4,0.453,-0.024,0.106,0.507,0.152,0.336,2.9,OVER,4,4,True,,-10.5,-12.0,26.9,16.4,Houston -10.5,
401858474,5,2026-10-03T16:00:00.000Z,Michigan,Minnesota,False,True,43.25,44.0,"Bovada, DraftKings",17.1,29.0,46.0,0.1,57.2,57.1,0.022,0.165,0.5,0.527,-0.011,0.119,0.433,0.105,0.272,2.8,OVER,4,4,True,,6.0,7.5,1.3,7.3,Minnesota +6,
401858252,5,2026-10-03T16:00:00.000Z,Syracuse,UConn,False,True,50.5,52.75,"Bovada, DraftKings",17.3,35.6,52.9,0.0,84.5,66.3,-0.004,0.201,-0.4,0.392,-0.011,0.072,0.515,0.171,0.291,2.4,OVER,4,3,True,,6.75,6.0,18.1,24.9,UConn +6.75,
401858247,5,2026-10-03T19:30:00.000Z,California,UNLV,False,True,52.75,53.0,"Bovada, DraftKings",14.7,36.2,50.8,0.0,73.4,71.3,-0.019,0.188,0.4,0.434,-0.021,0.05,0.497,0.179,0.255,-1.9,UNDER,4,4,True,,-2.25,-1.75,21.1,18.9,UNLV -2.25,
401856817,5,2026-10-04T02:30:00.000Z,Baylor,Arizona State,False,True,48.5,51.0,"Bovada, DraftKings",16.1,34.2,50.3,0.0,73.0,78.7,-0.006,0.147,-0.1,0.481,-0.035,0.084,0.472,0.093,0.258,1.8,OVER,3,4,True,,-3.5,-3.5,-12.3,-15.8,Baylor +3.5,
401856818,5,2026-10-03T23:00:00.000Z,BYU,TCU,False,True,48.25,50.75,"Bovada, DraftKings",17.7,32.0,49.7,0.0,52.6,62.5,0.038,0.177,0.4,0.531,0.005,0.131,0.444,0.12,0.29,1.4,OVER,4,3,True,,6.0,5.75,-8.9,-2.9,BYU -6,
401858472,5,2026-10-03T20:15:00.000Z,Purdue,Illinois,False,True,62.5,60.0,"Bovada, DraftKings",22.9,38.4,61.3,0.7,66.5,62.0,0.07,0.25,-2.5,0.472,0.026,0.164,0.507,0.197,0.356,-1.2,UNDER,4,4,True,,-10.25,-10.0,10.3,0.1,Illinois -10.25,
401858250,5,2026-10-03T16:00:00.000Z,Notre Dame,North Carolina,False,True,46.5,51.75,"Bovada, DraftKings",20.1,27.5,47.6,0.0,64.1,54.1,0.046,0.159,0.5,0.524,0.018,0.133,0.514,0.127,0.25,1.1,OVER,3,4,True,,21.0,22.5,-14.0,7.0,North Carolina +21,
401858246,5,2026-10-03T16:00:00.000Z,Boston College,SMU,False,True,55.25,56.75,"Bovada, DraftKings",14.4,39.8,54.2,0.0,62.2,74.8,-0.014,0.209,1.8,0.54,-0.023,0.05,0.542,0.136,0.348,-1.1,UNDER,4,4,True,,-21.0,-20.75,24.1,3.1,SMU -21,
401856706,5,2026-10-03T23:45:00.000Z,McNeese,LSU,False,True,61.5,61.25,"Bovada, DraftKings",13.7,46.8,60.5,0.0,60.9,87.9,-0.02,0.222,-2.5,0.398,-0.008,0.043,0.497,0.184,0.319,-1.0,UNDER,4,5,True,,-52.75,-53.25,48.0,-4.8,McNeese +52.75,
401856711,5,2026-10-03T23:00:00.000Z,Arkansas,Texas A&M,False,True,50.25,51.5,"Bovada, DraftKings",16.2,33.1,49.3,0.0,65.6,63.0,0.003,0.188,-0.7,0.484,-0.034,0.098,0.495,0.15,0.285,-0.9,UNDER,4,4,True,,-14.0,-14.25,3.5,-10.5,Arkansas +14,
401858475,5,2026-10-03T20:00:00.000Z,Maryland,Nebraska,False,True,52.5,52.75,"Bovada, DraftKings",15.3,36.3,51.6,-0.2,67.0,61.2,-0.008,0.231,-2.7,0.403,-0.023,0.08,0.544,0.176,0.344,-0.9,UNDER,4,4,True,,-14.5,-13.25,19.5,5.0,Nebraska -14.5,
401856807,5,2026-10-03T16:00:00.000Z,Middle Tennessee,Kansas,False,True,51.0,51.5,"Bovada, DraftKings",17.7,34.1,51.8,0.0,62.2,70.6,0.022,0.171,-1.0,0.503,-0.011,0.115,0.58,0.13,0.273,0.8,OVER,3,4,True,,-20.5,-20.75,11.6,-8.9,Middle Tennessee +20.5,
401856707,5,2026-10-03T16:00:00.000Z,Alabama,Mississippi State,False,True,60.75,59.0,"Bovada, DraftKings",19.3,40.7,60.0,0.0,69.7,74.2,0.029,0.22,-1.6,0.442,0.023,0.1,0.488,0.172,0.326,-0.7,UNDER,4,4,True,,5.5,4.5,16.5,22.0,Mississippi State +5.5,
401856822,5,2026-10-03T16:00:00.000Z,West Virginia,Iowa State,False,True,53.25,53.0,"Bovada, DraftKings",19.0,34.3,53.2,0.0,67.3,62.9,0.029,0.201,0.6,0.687,-0.001,0.112,0.556,0.144,0.322,-0.0,UNDER,4,4,True,,-3.0,-2.0,20.0,17.0,Iowa State -3,
