game_id,week,start,away,home,neutral,p4_game,market_total,market_open,books,proj_away,proj_home,proj_total,injury_adj,exp_plays_away,exp_plays_home,exp_epa_away,exp_epa_home,edge,pick,games_home,games_away,enough_data,actual_total,qb_out,proj_no_injury
401628630,4,2024-09-21T22:00:00.000Z,Furman,William & Mary,False,False,47.5,,ESPN Bet,16.8,41.7,58.5,-0.9,72.2,82.4,0.009,0.198,11.0,OVER,3,3,True,58,Furman: Carson Jones out,59.4
401634242,4,2024-09-21T23:00:00.000Z,Southeast Missouri State,Southern Illinois,False,False,54.5,,ESPN Bet,17.0,28.0,45.0,-1.8,53.9,51.8,0.034,0.175,-9.5,UNDER,3,3,True,59,Southern Illinois: DJ Williams out,46.8
401628486,4,2024-09-21T16:00:00.000Z,Charlotte,Indiana,False,True,50.5,49.5,"Bovada, DraftKings, ESPN Bet",11.0,31.4,42.4,-1.0,46.9,49.3,-0.037,0.231,-8.1,UNDER,3,3,True,66,Charlotte: Max Brown out,43.4
401636874,4,2024-09-22T00:00:00.000Z,Baylor,Colorado,False,True,52.5,54.25,"Bovada, DraftKings, ESPN Bet",14.5,31.0,45.5,-0.5,70.2,61.3,-0.01,0.171,-7.0,UNDER,3,3,True,69,Baylor: Dequan Finn out,46.0
401628370,4,2024-09-21T23:30:00.000Z,Akron,South Carolina,False,True,41.5,46.5,"Bovada, DraftKings, ESPN Bet",15.1,33.0,48.1,-1.3,72.3,66.4,-0.006,0.174,6.6,OVER,3,3,True,57,South Carolina: Lanorris Sellers out,49.4
401641037,4,2024-09-21T23:00:00.000Z,Toledo,Western Kentucky,False,False,60.5,58.75,"Bovada, DraftKings, ESPN Bet",19.4,34.5,53.9,-1.7,58.9,73.3,0.053,0.166,-6.6,UNDER,3,3,True,47,Western Kentucky: TJ Finley out,55.6
401628364,4,2024-09-21T16:45:00.000Z,Ohio,Kentucky,False,True,42,42.0,"Bovada, DraftKings, ESPN Bet",13.6,32.8,46.5,-1.6,54.7,64.5,-0.008,0.179,4.5,OVER,3,3,True,47,Ohio: Parker Navarro out,48.1
401628491,4,2024-09-21T23:00:00.000Z,Northwestern,Washington,False,True,42.5,42.75,"Bovada, DraftKings, ESPN Bet",12.8,34.1,46.9,-0.8,59.5,62.1,-0.021,0.201,4.4,OVER,3,3,True,29,Northwestern: Mike Wright out,47.7
401641034,4,2024-09-21T23:00:00.000Z,New Mexico State,Sam Houston,False,False,44.5,43.5,"Bovada, DraftKings, ESPN Bet",13.2,35.2,48.4,-0.5,61.2,62.2,-0.018,0.213,3.9,OVER,3,3,True,42,New Mexico State: Parker Awad out,48.9
401654550,4,2024-09-21T17:30:00.000Z,Norfolk State,VMI,False,False,47.5,,ESPN Bet,18.1,33.3,51.4,0.5,62.6,61.1,0.033,0.197,3.9,OVER,3,4,True,42,VMI: Collin Shannon out,50.9
401643715,4,2024-09-21T18:00:00.000Z,Utah State,Temple,False,False,53.5,52.25,"Bovada, DraftKings, ESPN Bet",16.7,33.7,50.4,-2.0,67.4,69.1,0.013,0.172,-3.1,UNDER,3,3,True,74,Temple: Forrest Brock out; Utah State: Bryson Barnes out,52.4
401636374,4,2024-09-21T23:00:00.000Z,Florida A&M,Troy,False,False,49.0,49.5,"DraftKings, ESPN Bet",19.6,32.2,51.7,-0.9,60.9,57.9,0.051,0.198,2.7,OVER,3,3,True,46,Troy: Matthew Caldwell out,52.6
401628624,4,2024-09-21T17:00:00.000Z,Maine,Merrimack,False,False,48.5,,ESPN Bet,17.5,32.0,49.5,-0.3,61.6,55.8,0.028,0.205,1.0,OVER,3,3,True,41,Merrimack: Malakai Anthony out,49.8
401628628,4,2024-09-21T22:00:00.000Z,Richmond,Delaware State,False,False,47.5,,ESPN Bet,16.3,30.3,46.6,-0.7,64.4,56.6,0.012,0.183,-0.9,UNDER,3,3,True,62,Richmond: Kyle Wickersham out,47.3
401628497,5,2024-09-28T16:00:00.000Z,Minnesota,Michigan,False,True,34.5,38.75,"Bovada, DraftKings, ESPN Bet",17.0,25.8,42.8,-0.6,63.0,50.6,0.02,0.148,8.3,OVER,4,4,True,51,Michigan: Davis Warren out,43.4
401654666,5,2024-09-28T23:00:00.000Z,SE Louisiana,Tarleton State,False,False,55.5,,ESPN Bet,15.2,32.3,47.5,-1.4,73.0,60.3,-0.005,0.187,-8.0,UNDER,4,4,True,69,Tarleton State: Daniel Greek out,48.9
401645333,5,2024-09-28T23:00:00.000Z,Charlotte,Rice,False,False,48,47.0,"Bovada, DraftKings, ESPN Bet",14.2,27.3,41.5,-0.6,43.2,46.4,0.008,0.187,-6.5,UNDER,3,4,True,41,Charlotte: Max Brown out,42.1
401628378,5,2024-09-28T20:15:00.000Z,Mississippi State,Texas,False,True,58.5,61.75,"Bovada, DraftKings, ESPN Bet",12.9,41.0,54.0,-6.5,67.9,73.3,-0.023,0.223,-4.5,UNDER,4,4,True,48,Texas: Quinn Ewers out; Mississippi State: Blake Shapen out,60.5
401628636,5,2024-09-28T17:00:00.000Z,Fordham,Monmouth,False,False,54.5,,ESPN Bet,21.0,37.7,58.7,-0.1,74.2,67.8,0.045,0.213,4.2,OVER,4,3,True,84,Fordham: CJ Montes out,58.8
401628375,5,2024-09-28T19:30:00.000Z,Oklahoma,Auburn,False,True,43,46.25,"Bovada, DraftKings, ESPN Bet",16.0,31.1,47.1,0.1,76.3,63.1,0.0,0.165,4.1,OVER,4,4,True,48,Oklahoma: Jackson Arnold out,47.0
401635564,5,2024-09-28T16:00:00.000Z,Northern Illinois,NC State,False,True,46.5,47.0,"Bovada, DraftKings, ESPN Bet",20.7,29.8,50.5,-1.5,72.1,61.2,0.045,0.158,4.0,OVER,4,3,True,41,NC State: Grayson McCall out,52.0
401641035,5,2024-09-29T00:00:00.000Z,New Mexico,New Mexico State,False,False,54,57.5,"Bovada, DraftKings, ESPN Bet",20.5,29.6,50.1,-0.2,60.0,50.9,0.061,0.196,-3.9,UNDER,3,4,True,90,New Mexico State: Parker Awad out,50.3
401634243,5,2024-09-28T18:00:00.000Z,Southern Illinois,South Dakota,False,False,47.5,,ESPN Bet,17.2,33.7,50.9,-1.5,66.8,58.6,0.018,0.209,3.4,OVER,3,4,True,55,Southern Illinois: DJ Williams out,52.4
401638659,5,2024-09-29T21:00:00.000Z,Davidson,Presbyterian,False,False,55.5,,ESPN Bet,21.0,31.3,52.3,-0.7,65.6,58.3,0.057,0.183,-3.2,UNDER,3,3,True,85,Presbyterian: Ty Englehart out,53.0
401640981,5,2024-09-28T22:00:00.000Z,Louisiana Tech,Florida International,True,False,49,51.75,"Bovada, DraftKings, ESPN Bet",24.0,22.3,46.3,-0.5,75.2,57.0,0.069,0.087,-2.7,UNDER,4,3,True,27,Louisiana Tech: Jack Turner out,46.8
401635560,5,2024-09-28T16:00:00.000Z,Western Kentucky,Boston College,False,True,48,55.0,"Bovada, DraftKings, ESPN Bet",15.6,29.9,45.5,-5.0,69.9,56.6,0.001,0.175,-2.5,UNDER,4,4,True,41,Boston College: Thomas Castellanos out; Western Kentucky: TJ Finley out,50.5
401643796,5,2024-09-28T23:00:00.000Z,UL Monroe,Troy,False,False,46,45.5,"Bovada, DraftKings, ESPN Bet",17.5,30.9,48.4,-2.8,53.2,59.4,0.038,0.176,2.4,OVER,4,3,True,22,Troy: Will Crowder out; UL Monroe: General Booty out,51.2
401628502,5,2024-09-28T19:30:00.000Z,Wisconsin,USC,False,True,50,51.25,"Bovada, DraftKings, ESPN Bet",14.9,36.9,51.9,-1.2,63.5,63.2,-0.001,0.224,1.9,OVER,3,3,True,59,Wisconsin: Tyler Van Dyke out,53.1
401628635,5,2024-09-28T19:30:00.000Z,Sacred Heart,Delaware,False,False,47.5,,ESPN Bet,17.0,32.5,49.4,-4.5,66.8,71.2,0.016,0.153,1.9,OVER,3,4,True,49,Delaware: Ryan O'Connor out,53.9
401638662,5,2024-09-28T17:00:00.000Z,Valparaiso,Morehead State,False,False,49.5,,ESPN Bet,17.5,30.4,47.9,-0.5,60.3,57.6,0.028,0.177,-1.6,UNDER,4,4,True,22,Morehead State: Connor Genal out,48.4
401632106,5,2024-09-28T18:00:00.000Z,Southern Utah,Austin Peay,False,False,51.5,,ESPN Bet,18.4,31.6,50.0,-0.7,58.8,57.2,0.04,0.191,-1.5,UNDER,4,4,True,45,Southern Utah: Jackson Berry out,50.7
401644739,5,2024-09-28T19:30:00.000Z,Eastern Michigan,Kent State,False,False,46,48.25,"Bovada, DraftKings, ESPN Bet",20.5,26.8,47.3,-0.8,70.0,52.6,0.046,0.153,1.3,OVER,4,4,True,85,Kent State: Devin Kargman out,48.1
401628632,5,2024-09-28T18:00:00.000Z,Richmond,Elon,False,False,46.5,,ESPN Bet,17.5,30.2,47.7,-0.6,67.7,56.2,0.02,0.18,1.2,OVER,4,3,True,44,Richmond: Kyle Wickersham out,48.3
401643720,5,2024-09-28T19:30:00.000Z,Fresno State,UNLV,False,False,50.5,51.0,"Bovada, DraftKings, ESPN Bet",17.5,33.7,51.2,-0.9,68.7,75.2,0.02,0.153,0.7,OVER,3,4,True,73,UNLV: Matthew Sluka out,52.1
401638660,5,2024-09-28T16:00:00.000Z,Dayton,Marist,False,False,46.5,,ESPN Bet,18.6,27.7,46.3,-0.8,67.2,55.7,0.031,0.153,-0.2,UNDER,3,3,True,61,Marist: Enzo Arjona out,47.1
401634046,5,2024-09-28T19:00:00.000Z,Cal Poly,Northern Colorado,False,False,47.5,,ESPN Bet,16.0,31.4,47.4,-4.6,65.3,64.9,0.008,0.161,-0.1,UNDER,4,3,True,35,Northern Colorado: Peter Costelli out; Cal Poly: Bo Kelly out,52.0
401643722,6,2024-10-05T16:00:00.000Z,Navy,Air Force,False,False,37,36.25,"Bovada, DraftKings, ESPN Bet",21.1,33.5,54.6,0.4,59.7,71.6,0.075,0.159,17.6,OVER,4,4,True,41,Air Force: John Busha out,54.2
401628505,6,2024-10-05T23:30:00.000Z,Michigan,Washington,False,True,39.5,40.75,"Bovada, DraftKings, ESPN Bet",11.8,40.7,52.6,-0.6,57.0,71.4,-0.019,0.223,13.1,OVER,5,5,True,44,Michigan: Davis Warren out,53.2
401643797,6,2024-10-03T23:00:00.000Z,Texas State,Troy,False,False,56,57.75,"Bovada, DraftKings, ESPN Bet",17.8,26.4,44.2,-1.7,45.5,47.6,0.072,0.177,-11.8,UNDER,5,4,True,55,Troy: Will Crowder out,45.9
401638343,6,2024-10-05T18:00:00.000Z,Furman,The Citadel,False,False,45.5,,ESPN Bet,18.5,38.5,57.0,-0.7,66.4,79.5,0.037,0.177,11.5,OVER,4,3,True,33,Furman: Carson Jones out,57.7
401634253,6,2024-10-05T21:00:00.000Z,Alabama A&M,Jackson State,True,False,55.5,,ESPN Bet,20.7,24.4,45.1,-4.4,65.4,55.3,0.059,0.122,-10.4,UNDER,4,4,True,83,Alabama A&M: Cornelious Brown out,49.5
401643799,6,2024-10-05T19:30:00.000Z,App State,Marshall,False,False,56.5,58.25,"Bovada, DraftKings, ESPN Bet",17.5,31.8,49.3,-0.8,58.0,58.4,0.04,0.191,-7.2,UNDER,4,4,True,89,Marshall: Stone Earle out,50.1
401628640,6,2024-10-05T17:00:00.000Z,Delaware,Monmouth,False,False,63.5,,ESPN Bet,21.7,34.9,56.6,-3.6,73.2,66.4,0.055,0.189,-6.9,UNDER,5,4,True,77,Delaware: Ryan O'Connor out,60.2
401629033,6,2024-10-05T19:30:00.000Z,Temple,UConn,False,False,49,50.25,"Bovada, DraftKings, ESPN Bet",13.4,41.6,55.1,-2.8,64.2,70.3,-0.009,0.235,6.1,OVER,5,5,True,49,UConn: Nick Evers out; Temple: Evan Simon out,57.9
401635569,6,2024-10-05T23:00:00.000Z,Clemson,Florida State,False,True,47,47.25,"Bovada, DraftKings, ESPN Bet",24.8,28.2,53.0,-2.3,66.2,66.2,0.096,0.127,6.0,OVER,5,4,True,42,Florida State: D.J. Uiagalelei out,55.3
401628503,6,2024-10-05T19:30:00.000Z,Indiana,Northwestern,True,True,40.5,42.5,"Bovada, DraftKings, ESPN Bet",28.3,18.1,46.4,-0.4,63.8,53.2,0.135,0.057,5.9,OVER,4,5,True,65,Northwestern: Mike Wright out,46.8
401628509,6,2024-10-05T16:00:00.000Z,Purdue,Wisconsin,False,True,44.5,46.75,"Bovada, DraftKings, ESPN Bet",17.1,33.0,50.1,-1.0,55.4,64.6,0.041,0.178,5.6,OVER,4,4,True,58,Wisconsin: Tyler Van Dyke out,51.1
401636891,6,2024-10-04T23:30:00.000Z,Houston,TCU,False,True,52,49.75,"Bovada, DraftKings, ESPN Bet",14.7,33.7,48.4,0.3,55.0,58.2,0.014,0.211,-3.6,UNDER,5,5,True,49,Houston: Donovan Smith out,48.1
401641029,6,2024-10-04T01:00:00.000Z,Sam Houston,UTEP,False,False,49.5,49.75,"Bovada, DraftKings, ESPN Bet",18.0,28.2,46.2,-1.0,54.3,57.4,0.053,0.156,-3.3,UNDER,4,4,True,62,UTEP: Skyler Locklear out,47.2
401628644,6,2024-10-05T22:00:00.000Z,William & Mary,Towson,False,False,51.5,,ESPN Bet,20.6,34.1,54.7,-1.2,64.6,69.5,0.06,0.171,3.2,OVER,4,4,True,61,Towson: Carlos Davis out,55.9
401654637,6,2024-10-05T17:00:00.000Z,Holy Cross,Colgate,False,False,55.5,,ESPN Bet,18.9,33.8,52.7,-2.4,61.2,73.9,0.049,0.155,-2.8,UNDER,4,5,True,45,Colgate: Michael Brescia out,55.1
401634153,6,2024-10-05T18:30:00.000Z,Wofford,Western Carolina,False,False,51.5,,ESPN Bet,16.7,37.5,54.3,-3.8,75.9,77.0,0.01,0.176,2.8,OVER,4,4,True,38,Wofford: Amari Odom out,58.1
401645338,6,2024-10-05T17:00:00.000Z,Tulane,UAB,False,False,52,55.25,"Bovada, DraftKings, ESPN Bet",22.0,32.8,54.8,-2.4,60.8,73.2,0.081,0.148,2.8,OVER,4,5,True,91,UAB: Jacob Zeno out,57.2
401638665,6,2024-10-05T17:00:00.000Z,Morehead State,Butler,False,False,47.5,,ESPN Bet,12.7,32.4,45.2,-0.4,50.5,61.4,-0.003,0.185,-2.3,UNDER,4,5,True,46,Morehead State: Connor Genal out,45.6
401643798,6,2024-10-05T23:00:00.000Z,Old Dominion,Coastal Carolina,False,False,51.5,55.25,"Bovada, DraftKings, ESPN Bet",17.0,36.8,53.8,-1.8,81.1,76.2,0.008,0.173,2.3,OVER,4,4,True,82,Old Dominion: Grant Wilson out,55.6
401645340,6,2024-10-05T19:30:00.000Z,East Carolina,Charlotte,False,False,47.5,46.75,"Bovada, DraftKings, ESPN Bet",18.4,27.0,45.5,-0.7,69.6,59.8,0.032,0.136,-2.0,UNDER,5,5,True,79,Charlotte: Max Brown out,46.2
401643723,6,2024-10-05T23:00:00.000Z,Utah State,Boise State,False,False,66.5,65.5,"Bovada, DraftKings, ESPN Bet",18.5,46.0,64.5,-0.7,76.9,73.1,0.023,0.26,-2.0,UNDER,4,4,True,92,Utah State: Bryson Barnes out,65.2
401628510,6,2024-10-05T16:00:00.000Z,UCLA,Penn State,False,True,47.5,45.25,"Bovada, DraftKings, ESPN Bet",11.4,38.1,49.4,-1.1,54.2,66.8,-0.023,0.217,1.9,OVER,4,4,True,38,UCLA: Ethan Garbers out,50.5
401643801,6,2024-10-05T23:00:00.000Z,James Madison,UL Monroe,False,False,48,48.75,"Bovada, DraftKings, ESPN Bet",20.6,25.7,46.3,-0.0,63.0,58.4,0.063,0.127,-1.7,UNDER,4,4,True,40,UL Monroe: General Booty out,46.3
401628383,6,2024-10-05T16:00:00.000Z,Missouri,Texas A&M,False,True,47.5,49.5,"Bovada, DraftKings, ESPN Bet",20.6,28.0,48.5,-1.2,70.6,54.1,0.049,0.167,1.0,OVER,5,4,True,51,Texas A&M: Marcel Reed out,49.7
401635573,6,2024-10-05T19:30:00.000Z,Virginia Tech,Stanford,False,True,49.5,53.5,"Bovada, DraftKings, ESPN Bet",20.4,29.9,50.3,-0.0,68.1,66.0,0.052,0.144,0.8,OVER,4,5,True,38,Stanford: Ashton Daniels out,50.3
401628642,6,2024-10-05T18:00:00.000Z,North Carolina A&T,Richmond,False,False,50.5,,ESPN Bet,15.8,35.3,51.1,-0.4,62.8,65.0,0.016,0.198,0.6,OVER,4,5,True,37,Richmond: Kyle Wickersham out,51.5
401632108,6,2024-10-05T21:00:00.000Z,Utah Tech,North Alabama,False,False,55.5,,ESPN Bet,17.1,38.0,55.0,-1.9,65.6,77.2,0.024,0.179,-0.5,UNDER,5,4,True,74,North Alabama: Ari Patu out; Utah Tech: Deacon Hill out,56.9
401634779,6,2024-10-05T01:00:00.000Z,Syracuse,UNLV,False,True,55.5,57.75,"Bovada, DraftKings, ESPN Bet",19.4,36.5,55.9,-0.7,75.8,69.1,0.032,0.193,0.4,OVER,4,4,True,85,UNLV: Matthew Sluka out,56.6
401638664,6,2024-10-05T17:00:00.000Z,Marist,Davidson,False,False,58.5,,ESPN Bet,18.7,40.1,58.8,-0.7,66.2,70.6,0.039,0.22,0.3,OVER,4,4,True,61,Marist: Enzo Arjona out,59.5
401634054,6,2024-10-05T20:00:00.000Z,Northern Colorado,Montana State,False,False,53.5,,ESPN Bet,14.1,39.5,53.6,-1.5,66.5,70.7,-0.004,0.215,0.1,OVER,5,5,True,72,Northern Colorado: Peter Costelli out,55.1
401645342,7,2024-10-12T16:00:00.000Z,UAB,Army,False,False,55.5,55.5,"Bovada, DraftKings, ESPN Bet",14.0,33.8,47.8,-1.7,57.2,50.0,0.015,0.247,-7.7,UNDER,4,5,True,54,UAB: Jacob Zeno out,49.5
401634154,7,2024-10-12T17:30:00.000Z,VMI,Wofford,False,False,43.5,,ESPN Bet,16.4,34.4,50.8,-2.6,64.1,70.5,0.031,0.169,7.3,OVER,5,5,True,47,Wofford: Amari Odom out; VMI: Collin Shannon out,53.4
401634208,7,2024-10-12T19:00:00.000Z,North Dakota State,Southern Illinois,False,False,55.5,,ESPN Bet,26.5,34.4,61.0,-0.7,66.0,68.2,0.116,0.177,5.5,OVER,6,6,True,27,Southern Illinois: Hunter Simmons out,61.7
401634030,7,2024-10-12T19:00:00.000Z,East Texas A&M,Northwestern State,False,False,51.5,,ESPN Bet,17.7,28.4,46.1,-0.5,63.1,63.6,0.043,0.138,-5.4,UNDER,6,5,True,63,East Texas A&M: Eric Rodriguez out,46.6
401634101,7,2024-10-13T00:00:00.000Z,Northern Colorado,Weber State,False,False,51.5,,ESPN Bet,14.5,41.7,56.3,-1.4,68.6,77.9,0.011,0.203,4.8,OVER,6,6,True,38,Northern Colorado: Peter Costelli out,57.7
401643805,7,2024-10-12T19:30:00.000Z,Old Dominion,Georgia State,False,False,53.5,54.5,"Bovada, DraftKings, ESPN Bet",23.6,34.4,58.0,-1.5,77.0,75.7,0.073,0.155,4.5,OVER,4,5,True,35,Old Dominion: Grant Wilson out,59.5
401643733,7,2024-10-12T01:00:00.000Z,UNLV,Utah State,False,False,67,64.5,"Bovada, DraftKings, ESPN Bet",26.9,35.8,62.7,-0.7,69.4,78.4,0.111,0.159,-4.3,UNDER,5,5,True,84,UNLV: Matthew Sluka out,63.4
401628511,7,2024-10-12T19:30:00.000Z,Purdue,Illinois,False,True,47,50.5,"Bovada, DraftKings, ESPN Bet",15.1,36.1,51.2,-0.1,55.4,60.1,0.028,0.221,4.2,OVER,5,5,True,99,Purdue: Hudson Card out,51.3
401645341,7,2024-10-12T19:30:00.000Z,Memphis,South Florida,True,False,61,59.5,"Bovada, DraftKings, ESPN Bet",31.9,25.0,56.9,-1.0,68.0,70.1,0.156,0.095,-4.1,UNDER,5,5,True,24,South Florida: Byrum Brown out,57.9
401638670,7,2024-10-12T18:00:00.000Z,Presbyterian,Morehead State,False,False,51.5,,ESPN Bet,18.4,29.1,47.5,-0.9,59.7,56.2,0.055,0.169,-4.0,UNDER,6,5,True,21,Morehead State: Connor Genal out; Presbyterian: Ty Englehart out,48.4
401673031,7,2024-10-12T17:00:00.000Z,Sacred Heart,Howard,False,False,45.5,,ESPN Bet,19.4,29.5,48.9,-1.7,68.5,64.0,0.051,0.147,3.4,OVER,4,6,True,35,Howard: Jaylon Tolbert out,50.6
401654596,7,2024-10-12T16:00:00.000Z,Stonehill,Long Island University,True,False,47.5,,ESPN Bet,27.7,23.0,50.7,-1.0,64.4,58.9,0.129,0.1,3.2,OVER,6,4,True,38,Long Island University: Luca Stanzani out; Stonehill: Ashur Carraha out,51.7
401643727,7,2024-10-12T23:00:00.000Z,Air Force,New Mexico,False,False,56,54.5,"Bovada, DraftKings, ESPN Bet",19.7,39.1,58.8,0.4,65.2,71.2,0.058,0.205,2.8,OVER,5,5,True,89,Air Force: John Busha out,58.4
401628386,7,2024-10-12T20:15:00.000Z,Mississippi State,Georgia,False,True,53.5,53.75,"Bovada, DraftKings, ESPN Bet",16.1,40.2,56.3,-2.6,66.1,65.1,0.027,0.237,2.8,OVER,5,5,True,72,Mississippi State: Blake Shapen out,58.9
401628651,7,2024-10-12T18:00:00.000Z,New Hampshire,Elon,False,False,51.5,,ESPN Bet,20.1,28.6,48.7,-2.2,64.9,63.2,0.062,0.141,-2.8,UNDER,5,5,True,27,Elon: Matthew Downing out,50.9
401643807,7,2024-10-12T21:00:00.000Z,Southern Miss,UL Monroe,False,False,41,41.25,"Bovada, DraftKings, ESPN Bet",12.5,31.3,43.7,-1.8,61.8,56.0,-0.003,0.191,2.7,OVER,5,5,True,59,UL Monroe: General Booty out; Southern Miss: Tate Rodemaker out,45.5
401678917,7,2024-10-12T20:00:00.000Z,Eastern Kentucky,Southern Utah,False,False,55.5,,ESPN Bet,21.8,31.0,52.8,-2.5,63.8,63.2,0.079,0.163,-2.7,UNDER,6,5,True,63,Southern Utah: Bronson Barron out,55.3
401636892,7,2024-10-12T02:30:00.000Z,Utah,Arizona State,False,True,46.5,45.75,"Bovada, DraftKings, ESPN Bet",15.8,33.3,49.1,-0.4,61.1,68.5,0.028,0.167,2.6,OVER,5,5,True,46,Utah: Isaac Wilson out,49.5
401628650,7,2024-10-12T17:00:00.000Z,Maine,Delaware,False,False,55.5,,ESPN Bet,17.7,35.3,53.0,-3.0,60.1,71.1,0.048,0.175,-2.5,UNDER,5,5,True,65,Delaware: Ryan O'Connor out,56.0
401636895,7,2024-10-12T19:30:00.000Z,Cincinnati,UCF,False,True,58,58.5,"Bovada, DraftKings, ESPN Bet",21.8,33.8,55.6,-1.7,53.6,69.4,0.101,0.168,-2.4,UNDER,5,5,True,32,UCF: KJ Jefferson out,57.3
401632113,7,2024-10-12T23:00:00.000Z,Abilene Christian,North Alabama,False,False,58.5,,ESPN Bet,26.3,34.6,60.8,0.1,73.8,76.5,0.098,0.154,2.3,OVER,6,6,True,81,North Alabama: Ari Patu out,60.7
401641009,7,2024-10-11T00:00:00.000Z,Middle Tennessee,Louisiana Tech,False,False,47.5,48.25,"Bovada, DraftKings, ESPN Bet",15.3,34.1,49.4,-0.4,58.8,71.0,0.026,0.166,1.9,OVER,4,5,True,69,Louisiana Tech: Jack Turner out,49.8
401644743,7,2024-10-12T16:00:00.000Z,Ball State,Kent State,False,False,58,58.75,"Bovada, DraftKings, ESPN Bet",24.3,32.1,56.4,-0.9,75.1,61.1,0.081,0.18,-1.6,UNDER,5,5,True,72,Kent State: Devin Kargman out,57.3
401654499,7,2024-10-12T19:00:00.000Z,Delaware State,Robert Morris,False,False,49.5,,ESPN Bet,15.0,33.0,48.0,-4.0,64.2,62.6,0.018,0.183,-1.5,UNDER,5,5,True,23,Delaware State: Marqui Adams out,52.0
401654473,7,2024-10-12T16:00:00.000Z,Dartmouth,Yale,False,False,47.5,,ESPN Bet,14.5,31.7,46.3,-10.1,68.6,71.7,0.011,0.145,-1.2,UNDER,3,3,True,87,Yale: Brogan McCaughey out; Dartmouth: Jackson Proctor out,56.4
401634254,7,2024-10-12T19:00:00.000Z,Bethune-Cookman,Alabama A&M,False,False,56.5,,ESPN Bet,17.2,38.2,55.4,-4.5,62.2,80.7,0.04,0.17,-1.1,UNDER,5,5,True,68,Alabama A&M: Cornelious Brown out,59.9
401628390,7,2024-10-12T19:30:00.000Z,Texas,Oklahoma,True,True,49,56.0,"Bovada, DraftKings, ESPN Bet",30.5,19.1,49.6,0.1,69.9,63.3,0.14,0.055,0.6,OVER,5,5,True,37,Oklahoma: Jackson Arnold out,49.5
401628652,7,2024-10-12T18:00:00.000Z,Towson,Norfolk State,False,False,48.5,,ESPN Bet,19.1,29.2,48.3,-1.1,69.8,57.0,0.048,0.166,-0.2,UNDER,7,5,True,51,Towson: Carlos Davis out,49.4
401632114,7,2024-10-12T23:00:00.000Z,Utah Tech,Tarleton State,False,False,58.5,,ESPN Bet,16.3,42.1,58.4,-1.9,77.0,74.1,0.018,0.218,-0.1,UNDER,6,5,True,42,Utah Tech: Reggie Graff out,60.3
401643813,8,2024-10-19T19:30:00.000Z,Texas State,Old Dominion,False,False,60,62.5,"Bovada, DraftKings, ESPN Bet",19.5,29.7,49.2,-0.9,58.6,66.1,0.067,0.142,-10.8,UNDER,6,6,True,38,Old Dominion: Grant Wilson out,50.1
401645346,8,2024-10-19T16:00:00.000Z,East Carolina,Army,False,False,54.5,51.5,"Bovada, DraftKings, ESPN Bet",10.9,34.2,45.1,-1.2,64.0,56.3,-0.014,0.214,-9.4,UNDER,5,6,True,73,East Carolina: Jake Garcia out,46.3
401628523,8,2024-10-19T00:00:00.000Z,Oregon,Purdue,False,True,61,58.0,"Bovada, DraftKings, ESPN Bet",26.3,26.2,52.5,0.1,62.5,48.6,0.121,0.16,-8.5,UNDER,6,6,True,35,Purdue: Hudson Card out,52.4
401628518,8,2024-10-19T19:30:00.000Z,Michigan,Illinois,False,True,44,43.75,"Bovada, DraftKings, ESPN Bet",16.2,35.6,51.8,-0.4,52.5,63.0,0.043,0.201,7.8,OVER,6,6,True,28,Michigan: Davis Warren out,52.2
401634022,8,2024-10-19T21:00:00.000Z,McNeese,Incarnate Word,False,False,59.5,,ESPN Bet,15.1,37.3,52.4,-4.1,71.1,78.4,0.018,0.17,-7.1,UNDER,5,7,True,47,McNeese: Clifton McDowell out,56.5
401634148,8,2024-10-19T19:00:00.000Z,Mercer,Samford,False,False,49.5,,ESPN Bet,18.1,24.6,42.7,-0.5,66.0,61.2,0.046,0.109,-6.8,UNDER,4,6,True,90,Mercer: Hess Horne out,43.2
401643738,8,2024-10-19T20:00:00.000Z,Wyoming,San José State,False,False,53,49.75,"Bovada, DraftKings, ESPN Bet",14.1,32.5,46.7,-5.3,65.5,63.8,0.013,0.172,-6.3,UNDER,6,6,True,38,San José State: Emmett Brown out,52.0
401634769,8,2024-10-18T23:00:00.000Z,Florida State,Duke,False,True,43,42.5,"Bovada, DraftKings, ESPN Bet",10.6,38.2,48.8,-1.8,64.7,72.7,-0.016,0.192,5.8,OVER,6,6,True,39,Florida State: D.J. Uiagalelei out,50.6
401634104,8,2024-10-19T20:00:00.000Z,Idaho State,Northern Arizona,False,False,59.5,,ESPN Bet,20.2,33.7,53.9,-0.7,61.1,63.2,0.07,0.184,-5.6,UNDER,4,7,True,56,Northern Arizona: PJ London out,54.6
401628658,8,2024-10-19T19:30:00.000Z,Delaware,Richmond,False,False,54.5,,ESPN Bet,20.1,28.9,49.0,-2.4,64.4,59.1,0.065,0.153,-5.5,UNDER,5,6,True,37,Richmond: Kyle Wickersham out; Delaware: Ryan O'Connor out,51.4
401643809,8,2024-10-15T23:30:00.000Z,Troy,South Alabama,False,False,53,56.5,"Bovada, DraftKings, ESPN Bet",19.2,38.6,57.8,-2.0,65.2,60.4,0.056,0.238,4.8,OVER,6,6,True,34,Troy: Will Crowder out,59.8
401636899,8,2024-10-19T16:00:00.000Z,Arizona State,Cincinnati,False,True,51,53.5,"Bovada, DraftKings, ESPN Bet",19.8,35.4,55.3,-2.9,66.8,63.9,0.059,0.196,4.3,OVER,6,6,True,38,Arizona State: Sam Leavitt out,58.2
401654474,8,2024-10-19T17:00:00.000Z,Central Connecticut,Dartmouth,False,False,50.5,,ESPN Bet,17.9,28.6,46.4,-4.2,74.2,67.4,0.037,0.13,-4.1,UNDER,4,6,True,36,Dartmouth: Jackson Proctor out,50.6
401638346,8,2024-10-19T17:30:00.000Z,The Citadel,VMI,False,False,47.5,,ESPN Bet,21.1,30.5,51.6,0.5,71.6,61.8,0.064,0.16,4.1,OVER,6,6,True,23,VMI: Collin Shannon out,51.1
401641019,8,2024-10-16T00:00:00.000Z,Kennesaw State,Middle Tennessee,False,False,50,50.75,"Bovada, DraftKings, ESPN Bet",20.8,32.9,53.7,0.6,66.1,64.2,0.069,0.174,3.7,OVER,6,5,True,19,Kennesaw State: Davis Bryson out,53.1
401629034,8,2024-10-19T16:00:00.000Z,Wake Forest,UConn,False,True,55.5,57.75,"Bovada, DraftKings, ESPN Bet",18.7,40.3,59.0,-3.5,75.7,78.2,0.042,0.192,3.5,OVER,6,6,True,43,UConn: Joe Fagnano out,62.5
401654507,8,2024-10-19T17:00:00.000Z,Cornell,Bucknell,False,False,58.5,,ESPN Bet,21.5,33.6,55.1,-3.5,64.4,76.0,0.076,0.15,-3.4,UNDER,5,3,True,55,Bucknell: Ralph Rucker out,58.6
401628393,8,2024-10-19T23:45:00.000Z,Kentucky,Florida,False,True,42.5,42.5,"Bovada, DraftKings, ESPN Bet",20.8,25.0,45.8,-1.4,65.4,54.1,0.069,0.13,3.3,OVER,6,6,True,68,Florida: Graham Mertz out,47.2
401628394,8,2024-10-19T20:15:00.000Z,Texas A&M,Mississippi State,False,True,55.5,55.5,"Bovada, DraftKings, ESPN Bet",25.4,33.4,58.8,-3.5,67.1,70.6,0.104,0.16,3.3,OVER,6,6,True,58,Mississippi State: Blake Shapen out; Texas A&M: Marcel Reed out,62.3
401638674,8,2024-10-19T17:00:00.000Z,Drake,Presbyterian,False,False,48.5,,ESPN Bet,21.3,30.3,51.7,-0.3,61.2,61.1,0.08,0.161,3.2,OVER,6,4,True,35,Presbyterian: Ty Englehart out,52.0
401644748,8,2024-10-19T19:30:00.000Z,Kent State,Bowling Green,False,False,54.5,56.25,"Bovada, DraftKings, ESPN Bet",16.9,40.6,57.5,-0.5,63.1,70.5,0.039,0.217,3.0,OVER,6,6,True,33,Kent State: Devin Kargman out,58.0
401638345,8,2024-10-19T18:00:00.000Z,Western Carolina,Furman,False,False,55.5,,ESPN Bet,22.5,35.9,58.4,-0.1,85.3,76.7,0.06,0.164,2.9,OVER,5,6,True,72,Furman: Carson Jones out,58.5
401644750,8,2024-10-19T18:00:00.000Z,Central Michigan,Eastern Michigan,False,False,52.5,54.5,"Bovada, DraftKings, ESPN Bet",19.5,35.8,55.3,-0.2,59.8,66.4,0.065,0.191,2.8,OVER,6,6,True,72,Central Michigan: Joey Labas out,55.5
401645345,8,2024-10-19T19:30:00.000Z,UAB,South Florida,False,False,55.5,57.75,"Bovada, DraftKings, ESPN Bet",17.4,35.7,53.1,-2.1,68.3,72.9,0.038,0.172,-2.4,UNDER,6,6,True,60,South Florida: Byrum Brown out; UAB: Jacob Zeno out,55.2
401636900,8,2024-10-19T23:30:00.000Z,UCF,Iowa State,False,True,49.5,48.0,"Bovada, DraftKings, ESPN Bet",14.2,32.9,47.2,-1.1,65.7,54.2,0.014,0.209,-2.3,UNDER,6,6,True,73,UCF: KJ Jefferson out,48.3
401643814,8,2024-10-19T23:00:00.000Z,Arkansas State,Southern Miss,False,False,56.5,53.5,"Bovada, DraftKings, ESPN Bet",23.9,30.3,54.2,-1.1,73.2,61.0,0.083,0.16,-2.3,UNDER,6,6,True,72,Southern Miss: Tate Rodemaker out,55.3
401632464,8,2024-10-19T17:30:00.000Z,Wofford,Chattanooga,False,False,44.5,,ESPN Bet,15.3,31.4,46.7,-2.4,72.8,67.1,0.019,0.153,2.2,OVER,6,6,True,42,Wofford: Amari Odom out,49.1
401628982,8,2024-10-19T19:30:00.000Z,Notre Dame,Georgia Tech,True,True,49.5,50.25,"Bovada, DraftKings, ESPN Bet",27.5,20.4,47.8,-5.6,60.4,66.5,0.136,0.064,-1.7,UNDER,7,6,True,44,Georgia Tech: Haynes King out,53.4
401628657,8,2024-10-19T17:00:00.000Z,Stony Brook,Towson,False,False,52.5,,ESPN Bet,20.7,33.6,54.2,-0.8,70.2,67.7,0.062,0.169,1.7,OVER,5,5,True,76,Towson: Carlos Davis out,55.0
401643810,8,2024-10-17T23:00:00.000Z,Georgia State,Marshall,False,False,51.5,53.5,"Bovada, DraftKings, ESPN Bet",15.2,34.7,49.9,-1.5,65.6,60.8,0.023,0.2,-1.6,UNDER,6,5,True,55,Marshall: Stone Earle out; Georgia State: Christian Veilleux out,51.4
401644751,8,2024-10-19T19:30:00.000Z,Toledo,Northern Illinois,False,False,42.5,45.5,"Bovada, DraftKings, ESPN Bet",11.5,29.5,41.0,-8.1,66.3,69.8,-0.008,0.132,-1.5,UNDER,6,6,True,19,Northern Illinois: Ethan Hampton out; Toledo: Tucker Gleason out,49.1
401654597,8,2024-10-19T16:00:00.000Z,Long Island University,Robert Morris,False,False,46.5,,ESPN Bet,16.0,31.2,47.2,-0.9,59.0,59.0,0.034,0.175,0.7,OVER,6,7,True,76,Long Island University: Luca Stanzani out,48.1
401634033,8,2024-10-19T20:30:00.000Z,Lamar,East Texas A&M,False,False,46.5,,ESPN Bet,17.3,29.6,47.0,-0.3,66.8,62.3,0.039,0.151,0.5,OVER,6,6,True,49,East Texas A&M: Eric Rodriguez out,47.3
401654643,8,2024-10-19T17:00:00.000Z,Georgetown,Colgate,False,False,48.5,,ESPN Bet,19.8,28.4,48.1,-2.0,64.7,68.0,0.061,0.127,-0.4,UNDER,5,6,True,66,Colgate: Michael Brescia out,50.1
401645351,8,2024-10-19T18:00:00.000Z,Tulsa,Temple,False,False,51.5,52.25,"Bovada, DraftKings, ESPN Bet",21.2,30.4,51.6,0.3,69.7,61.8,0.067,0.159,0.1,OVER,6,6,True,30,Temple: Forrest Brock out,51.3
401654612,8,2024-10-19T17:00:00.000Z,Stonehill,Merrimack,False,False,49.5,,ESPN Bet,19.1,30.4,49.5,0.6,66.4,56.6,0.054,0.176,0.0,OVER,5,5,True,76,Stonehill: Ashur Carraha out,48.9
401643743,9,2024-10-27T03:59:00.000Z,Nevada,Hawai'i,False,False,42,47.5,"Bovada, DraftKings, ESPN Bet",19.7,35.1,54.8,-2.5,57.9,68.7,0.065,0.175,12.8,OVER,7,8,True,47,Nevada: Brendon Lewis out,57.3
401636385,9,2024-10-26T23:00:00.000Z,Grambling,Texas Southern,False,False,49.5,,ESPN Bet,13.7,25.3,39.0,-2.6,55.1,49.9,0.009,0.139,-10.5,UNDER,3,6,True,41,Grambling: Myles Crawley out,41.6
401673036,9,2024-10-25T23:00:00.000Z,Yale,Pennsylvania,False,False,51.5,,ESPN Bet,25.4,34.2,59.5,-3.7,81.0,75.9,0.08,0.15,8.0,OVER,5,5,True,41,Pennsylvania: Aidan Sayin out,63.2
401634176,9,2024-10-26T17:00:00.000Z,Southern Illinois,Indiana State,False,False,47.5,,ESPN Bet,21.1,32.5,53.6,-0.7,77.1,62.6,0.055,0.17,6.1,OVER,7,7,True,37,Southern Illinois: Hunter Simmons out,54.3
401643817,9,2024-10-26T19:30:00.000Z,Southern Miss,James Madison,False,False,54,54.5,"Bovada, DraftKings, ESPN Bet",7.3,41.0,48.3,-1.1,65.0,68.9,-0.048,0.221,-5.7,UNDER,7,7,True,47,Southern Miss: Tate Rodemaker out,49.4
401634149,9,2024-10-26T19:30:00.000Z,Western Carolina,Mercer,False,False,55.5,,ESPN Bet,16.3,34.0,50.3,-0.6,76.0,75.2,0.022,0.15,-5.2,UNDER,7,7,True,78,Mercer: Hess Horne out,50.9
401654570,9,2024-10-26T19:00:00.000Z,East Texas A&M,Prairie View A&M,False,False,50.5,,ESPN Bet,15.8,29.9,45.6,-0.3,62.5,66.0,0.025,0.139,-4.9,UNDER,5,7,True,61,East Texas A&M: Eric Rodriguez out,45.9
401635596,9,2024-10-26T23:00:00.000Z,Florida State,Miami,False,True,55,54.5,"Bovada, DraftKings, ESPN Bet",13.3,46.4,59.7,-1.8,66.5,68.3,0.002,0.266,4.7,OVER,7,7,True,50,Florida State: D.J. Uiagalelei out,61.5
401628663,9,2024-10-26T16:00:00.000Z,Richmond,Bryant,False,False,52.5,,ESPN Bet,23.7,24.8,48.5,-5.9,64.8,65.3,0.09,0.099,-4.0,UNDER,5,6,True,55,Bryant: Jarrett Guest out; Richmond: Kyle Wickersham out,54.4
401628668,9,2024-10-26T19:30:00.000Z,New Hampshire,Villanova,False,False,46.5,,ESPN Bet,11.6,30.9,42.5,-6.6,62.9,64.0,-0.012,0.152,-4.0,UNDER,7,7,True,20,New Hampshire: Seth Morgan out,49.1
401628662,9,2024-10-26T19:00:00.000Z,UAlbany,Delaware,False,False,54.5,,ESPN Bet,15.8,35.1,50.9,-2.2,60.9,66.4,0.026,0.181,-3.6,UNDER,7,6,True,42,Delaware: Zach Marker out,53.1
401634109,9,2024-10-26T19:00:00.000Z,Montana,Northern Colorado,False,False,53.5,,ESPN Bet,27.7,29.5,57.1,-1.3,76.7,71.9,0.102,0.123,3.6,OVER,7,7,True,24,Northern Colorado: Peter Costelli out,58.4
401638682,9,2024-10-26T16:00:00.000Z,Valparaiso,Marist,False,False,47.5,,ESPN Bet,18.9,31.9,50.9,0.0,60.2,63.5,0.055,0.163,3.4,OVER,7,7,True,31,Valparaiso: Michael Appel Jr. out,50.9
401634138,9,2024-10-26T18:00:00.000Z,East Tennessee State,Wofford,False,False,49.5,,ESPN Bet,18.6,27.5,46.2,-2.2,71.6,68.0,0.041,0.116,-3.3,UNDER,7,6,True,31,Wofford: Amari Odom out,48.4
401654500,9,2024-10-26T19:30:00.000Z,Delaware State,South Carolina State,False,False,47.5,,ESPN Bet,15.4,35.4,50.7,-3.4,63.5,68.2,0.02,0.178,3.2,OVER,5,6,True,104,Delaware State: Marqui Adams out,54.1
401644687,9,2024-10-26T18:00:00.000Z,Central Michigan,Miami (OH),False,False,48.5,46.75,"Bovada, DraftKings, ESPN Bet",18.0,33.6,51.5,-0.4,66.6,61.9,0.04,0.182,3.0,OVER,7,7,True,53,Central Michigan: Joey Labas out,51.9
401629035,9,2024-10-26T19:30:00.000Z,Rice,UConn,False,False,47,46.75,"Bovada, DraftKings, ESPN Bet",13.1,30.9,44.0,-1.1,61.5,63.4,0.002,0.154,-3.0,UNDER,7,6,True,27,Rice: E.J. Warner out,45.1
401636908,9,2024-10-26T23:00:00.000Z,Utah,Houston,False,True,36,37.75,"Bovada, DraftKings, ESPN Bet",15.6,23.2,38.8,0.3,60.1,61.5,0.025,0.091,2.8,OVER,7,7,True,31,Houston: Donovan Smith out,38.5
401654577,9,2024-10-26T16:00:00.000Z,Central Connecticut,Long Island University,True,False,49.5,,ESPN Bet,26.2,20.6,46.9,-1.1,64.4,59.8,0.112,0.071,-2.6,UNDER,8,7,True,45,Long Island University: Luca Stanzani out,48.0
401634026,9,2024-10-26T20:00:00.000Z,McNeese,Nicholls,False,False,48.5,,ESPN Bet,12.7,33.2,45.9,-3.5,66.5,77.2,-0.003,0.14,-2.6,UNDER,7,8,True,43,McNeese: Clifton McDowell out,49.4
401628526,9,2024-10-26T16:00:00.000Z,Washington,Indiana,False,True,54,52.75,"Bovada, DraftKings, ESPN Bet",21.5,29.9,51.5,-7.7,64.4,62.4,0.072,0.148,-2.5,UNDER,7,7,True,48,Indiana: Kurtis Rourke out,59.2
401638680,9,2024-10-26T17:00:00.000Z,Presbyterian,Stetson,False,False,55.5,,ESPN Bet,19.5,33.9,53.4,-0.3,59.9,65.7,0.061,0.173,-2.1,UNDER,5,7,True,56,Presbyterian: Ty Englehart out,53.7
401632123,9,2024-10-26T21:00:00.000Z,North Alabama,Central Arkansas,False,False,59.5,,ESPN Bet,19.3,38.1,57.4,0.1,76.4,69.1,0.043,0.197,-2.1,UNDER,6,7,True,43,North Alabama: Ari Patu out,57.3
401628667,9,2024-10-26T17:00:00.000Z,Towson,Monmouth,False,False,62.5,,ESPN Bet,23.6,40.5,64.1,-0.9,70.4,68.8,0.081,0.218,1.6,OVER,7,6,True,40,Towson: Carlos Davis out,65.0
401632116,9,2024-10-26T18:00:00.000Z,West Georgia,Southern Utah,False,False,55.5,,ESPN Bet,25.1,32.0,57.1,-2.2,83.9,66.7,0.075,0.155,1.6,OVER,7,4,True,45,Southern Utah: Bronson Barron out,59.3
401645352,9,2024-10-26T18:00:00.000Z,Temple,East Carolina,False,False,48.5,48.75,"Bovada, DraftKings, ESPN Bet",15.8,34.2,50.0,-1.7,68.1,81.5,0.022,0.139,1.5,OVER,7,7,True,90,East Carolina: Jake Garcia out,51.7
401636905,9,2024-10-26T23:00:00.000Z,West Virginia,Arizona,False,True,51.5,54.75,"Bovada, DraftKings, ESPN Bet",17.5,35.4,52.9,-3.3,69.4,64.2,0.034,0.19,1.4,OVER,7,7,True,57,West Virginia: Garrett Greene out,56.2
401632465,9,2024-10-26T20:00:00.000Z,VMI,Chattanooga,False,False,46.5,,ESPN Bet,14.5,33.3,47.8,0.4,64.9,63.7,0.012,0.174,1.3,OVER,7,7,True,41,VMI: Collin Shannon out,47.4
401640984,9,2024-10-22T23:30:00.000Z,Sam Houston,Florida International,True,False,47,45.75,"Bovada, DraftKings, ESPN Bet",24.9,20.9,45.8,-2.0,67.1,57.5,0.096,0.076,-1.2,UNDER,7,6,True,17,Sam Houston: Hunter Watson out,47.8
401636911,9,2024-10-26T19:30:00.000Z,BYU,UCF,False,True,53.5,54.5,"Bovada, DraftKings, ESPN Bet",21.1,31.6,52.7,-1.3,58.7,73.5,0.076,0.136,-0.8,UNDER,7,7,True,61,UCF: KJ Jefferson out,54.0
401654591,9,2024-10-26T17:00:00.000Z,Duquesne,Stonehill,False,False,51.5,,ESPN Bet,23.3,28.8,52.2,0.3,60.7,58.3,0.094,0.15,0.7,OVER,6,6,True,82,Stonehill: Ashur Carraha out,51.9
401635597,9,2024-10-26T16:00:00.000Z,Georgia Tech,Virginia Tech,False,True,52,52.25,"Bovada, DraftKings, ESPN Bet",17.9,34.3,52.2,-5.2,67.7,62.3,0.039,0.187,0.2,OVER,7,8,True,27,Georgia Tech: Haynes King out,57.4
401643816,9,2024-10-26T17:00:00.000Z,Georgia State,App State,False,False,59,62.75,"Bovada, DraftKings, ESPN Bet",19.9,39.3,59.2,-1.4,69.3,73.7,0.053,0.193,0.2,OVER,6,6,True,59,Georgia State: Christian Veilleux out,60.6
401654613,9,2024-10-26T16:00:00.000Z,Colgate,Merrimack,False,False,48.5,,ESPN Bet,17.1,31.4,48.6,-1.8,68.1,59.3,0.032,0.171,0.1,OVER,6,6,True,68,Colgate: Michael Brescia out,50.4
401632120,9,2024-10-26T19:00:00.000Z,Utah Tech,Eastern Kentucky,False,False,55.5,,ESPN Bet,16.5,38.9,55.5,-1.4,68.7,69.0,0.027,0.204,-0.0,UNDER,7,7,True,45,Utah Tech: Reggie Graff out,56.9
401643746,10,2024-11-02T16:00:00.000Z,Air Force,Army,False,False,38.5,41.0,"Bovada, DraftKings, ESPN Bet",11.3,37.1,48.4,0.7,56.9,52.1,-0.011,0.259,9.9,OVER,6,7,True,23,Air Force: John Busha out,47.7
401632466,10,2024-11-02T18:30:00.000Z,Chattanooga,Western Carolina,False,False,56.5,,ESPN Bet,15.8,31.1,46.9,-13.7,72.2,85.8,0.022,0.114,-9.6,UNDER,8,8,True,72,Western Carolina: Cole Gonzales out; Chattanooga: Chase Artopoeus out,60.6
401634256,10,2024-11-02T19:00:00.000Z,Southern,Alabama A&M,False,False,51.5,,ESPN Bet,15.3,27.9,43.2,-6.0,65.4,67.9,0.022,0.121,-8.3,UNDER,6,7,True,45,Alabama A&M: Cornelious Brown out; Southern: Noah Bodden out,49.2
401654459,10,2024-11-02T16:00:00.000Z,Pennsylvania,Brown,False,False,49.5,,ESPN Bet,17.9,39.8,57.7,-2.4,71.2,87.0,0.039,0.168,8.2,OVER,6,6,True,66,Pennsylvania: Aidan Sayin out,60.1
401634020,10,2024-11-03T00:00:00.000Z,East Texas A&M,McNeese,False,False,50.5,,ESPN Bet,15.0,28.7,43.8,-3.3,71.8,70.5,0.017,0.123,-6.7,UNDER,9,8,True,34,McNeese: Clifton McDowell out; East Texas A&M: Eric Rodriguez out,47.1
401645358,10,2024-11-02T18:30:00.000Z,Tulsa,UAB,False,False,57.5,58.25,"Bovada, DraftKings, ESPN Bet",19.0,32.6,51.6,-0.6,67.2,75.9,0.051,0.142,-5.9,UNDER,7,8,True,80,Tulsa: Kirk Francis out,52.2
401632126,10,2024-11-02T21:00:00.000Z,Austin Peay,North Alabama,False,False,53.5,,ESPN Bet,17.7,30.1,47.7,0.2,66.7,67.0,0.04,0.141,-5.8,UNDER,8,7,True,48,North Alabama: Ari Patu out,47.5
401638348,10,2024-11-02T17:30:00.000Z,Furman,VMI,False,False,44.5,,ESPN Bet,20.1,29.8,49.9,0.5,67.8,68.6,0.059,0.136,5.4,OVER,8,6,True,38,VMI: Collin Shannon out,49.4
401628535,10,2024-11-02T23:30:00.000Z,Wisconsin,Iowa,False,True,40.5,42.5,"Bovada, DraftKings, ESPN Bet",17.2,28.2,45.4,-0.9,61.8,53.7,0.04,0.16,4.9,OVER,8,8,True,52,Iowa: Cade McNamara out,46.3
401634113,10,2024-11-02T20:00:00.000Z,Northern Colorado,UC Davis,False,False,49.5,,ESPN Bet,14.1,40.2,54.3,-1.0,70.6,76.0,0.01,0.196,4.8,OVER,8,8,True,66,Northern Colorado: Peter Costelli out,55.3
401636368,10,2024-11-02T19:00:00.000Z,Grambling,Bethune-Cookman,False,False,49.5,,ESPN Bet,19.2,25.7,44.9,-2.4,67.0,63.4,0.053,0.112,-4.6,UNDER,8,7,True,45,Grambling: Myles Crawley out,47.3
401634186,10,2024-11-02T19:00:00.000Z,Southern Illinois,Missouri State,False,False,55.5,,ESPN Bet,20.4,39.5,59.9,-0.3,72.0,64.3,0.057,0.228,4.4,OVER,8,8,True,55,Southern Illinois: Hunter Simmons out,60.2
401634112,10,2024-11-02T20:00:00.000Z,Weber State,Northern Arizona,False,False,54.5,,ESPN Bet,20.2,30.2,50.4,-0.5,62.5,63.0,0.066,0.152,-4.1,UNDER,5,8,True,33,Northern Arizona: PJ London out,50.9
401634111,10,2024-11-02T20:00:00.000Z,Montana State,Eastern Washington,False,False,63.5,,ESPN Bet,30.4,29.3,59.7,-6.1,68.5,72.6,0.141,0.124,-3.8,UNDER,6,8,True,70,Eastern Washington: Kekoa Visperas out,65.8
401641026,10,2024-11-02T19:30:00.000Z,Middle Tennessee,UTEP,False,False,48.5,51.5,"Bovada, DraftKings, ESPN Bet",17.7,34.5,52.2,-0.3,60.9,68.9,0.045,0.173,3.7,OVER,8,8,True,33,UTEP: Skyler Locklear out,52.5
401636913,10,2024-11-02T19:30:00.000Z,Kansas State,Houston,False,True,45.5,46.25,"Bovada, DraftKings, ESPN Bet",25.2,23.7,48.9,0.5,59.8,58.5,0.115,0.104,3.4,OVER,8,8,True,43,Houston: Donovan Smith out,48.4
401654648,10,2024-11-02T17:00:00.000Z,Stonehill,Saint Francis,False,False,47.5,,ESPN Bet,15.9,28.4,44.3,0.5,67.4,59.2,0.026,0.146,-3.2,UNDER,8,7,True,34,Stonehill: Ashur Carraha out,43.8
401635602,10,2024-11-02T19:30:00.000Z,North Carolina,Florida State,False,True,50.5,49.75,"Bovada, DraftKings, ESPN Bet",26.3,26.7,53.0,-1.2,70.6,63.0,0.104,0.122,2.5,OVER,8,8,True,46,Florida State: D.J. Uiagalelei out,54.2
401629036,10,2024-11-01T23:00:00.000Z,Georgia State,UConn,False,False,48,48.5,"Bovada, DraftKings, ESPN Bet",13.6,36.8,50.4,-0.8,70.9,71.1,0.006,0.184,2.4,OVER,8,7,True,61,Georgia State: Christian Veilleux out,51.2
401643750,10,2024-11-02T20:00:00.000Z,Wyoming,New Mexico,False,False,60.5,60.0,"Bovada, DraftKings, ESPN Bet",21.8,41.1,62.9,1.3,66.9,71.2,0.074,0.217,2.4,OVER,8,8,True,94,Wyoming: Evan Svoboda out,61.6
401654501,10,2024-11-02T17:00:00.000Z,Delaware State,Howard,False,False,51.5,,ESPN Bet,17.0,32.2,49.2,-2.6,61.4,65.8,0.039,0.162,-2.3,UNDER,7,7,True,38,Delaware State: Marqui Adams out,51.8
401640985,10,2024-10-29T23:00:00.000Z,New Mexico State,Florida International,True,False,43.5,45.25,"Bovada, DraftKings, ESPN Bet",19.1,22.3,41.4,-0.1,54.8,51.1,0.066,0.106,-2.1,UNDER,8,6,True,47,New Mexico State: Parker Awad out,41.5
401634035,10,2024-11-02T19:00:00.000Z,Houston Christian,Incarnate Word,False,False,58.5,,ESPN Bet,16.5,40.1,56.6,-0.8,84.4,79.5,0.022,0.186,-1.9,UNDER,7,7,True,65,Houston Christian: Eli Brickhandler out,57.4
401628411,10,2024-11-02T23:30:00.000Z,Texas A&M,South Carolina,False,True,43.5,46.25,"Bovada, DraftKings, ESPN Bet",16.2,25.6,41.8,-0.8,53.7,56.3,0.038,0.127,-1.7,UNDER,7,8,True,64,Texas A&M: Conner Weigman out,42.6
401635604,10,2024-11-02T16:00:00.000Z,Virginia Tech,Syracuse,False,True,53.5,53.75,"Bovada, DraftKings, ESPN Bet",21.0,34.1,55.1,-2.2,62.2,75.1,0.073,0.154,1.6,OVER,7,8,True,69,Virginia Tech: Kyron Drones out,57.3
401628408,10,2024-11-02T19:30:00.000Z,Florida,Georgia,True,True,52.5,52.25,"Bovada, DraftKings, ESPN Bet",22.4,30.9,53.3,-1.3,60.4,69.5,0.088,0.143,0.8,OVER,7,7,True,54,Florida: Graham Mertz out,54.6
401638684,10,2024-11-02T17:00:00.000Z,Dayton,Presbyterian,False,False,47.5,,ESPN Bet,19.9,28.3,48.2,-0.2,60.1,57.1,0.066,0.151,0.7,OVER,8,7,True,35,Presbyterian: Ty Englehart out,48.4
401636916,10,2024-11-02T19:30:00.000Z,Arizona,UCF,False,True,55,54.75,"Bovada, DraftKings, ESPN Bet",20.3,34.0,54.3,-0.9,60.9,67.2,0.069,0.173,-0.7,UNDER,8,8,True,68,UCF: KJ Jefferson out,55.2
401634110,10,2024-11-02T21:00:00.000Z,Montana,Cal Poly,False,False,56.5,,ESPN Bet,26.7,29.4,56.1,-2.3,71.5,68.0,0.106,0.134,-0.4,UNDER,7,8,True,49,Cal Poly: Bo Kelly out,58.4
401656602,10,2024-11-02T17:00:00.000Z,Colgate,Fordham,False,False,53.5,,ESPN Bet,18.6,34.7,53.2,-1.2,62.4,73.1,0.052,0.163,-0.3,UNDER,7,7,True,34,Colgate: Michael Brescia out,54.4
401645357,10,2024-11-01T23:30:00.000Z,South Florida,Florida Atlantic,False,False,48,53.5,"Bovada, DraftKings, ESPN Bet",16.6,31.2,47.7,-0.5,77.3,62.5,0.025,0.162,-0.3,UNDER,7,7,True,65,South Florida: Byrum Brown out,48.2
401643822,10,2024-11-02T19:30:00.000Z,UL Monroe,Marshall,False,False,48,47.25,"Bovada, DraftKings, ESPN Bet",17.8,30.0,47.9,-0.3,54.9,64.7,0.053,0.146,-0.1,UNDER,7,7,True,51,Marshall: Stone Earle out,48.2
401628673,10,2024-11-02T17:00:00.000Z,Stony Brook,Bryant,False,False,54.5,,ESPN Bet,26.3,28.1,54.5,-5.4,75.3,69.7,0.097,0.12,-0.0,UNDER,5,6,True,61,Bryant: Jarrett Guest out,59.9
401675122,11,2024-11-09T21:30:00.000Z,Stephen F. Austin,East Texas A&M,False,False,52.5,,ESPN Bet,15.5,24.6,40.1,-8.4,73.4,68.7,0.019,0.095,-12.4,UNDER,9,8,True,33,East Texas A&M: Eric Rodriguez out; Stephen F. Austin: Sam Vidlak out,48.5
401628680,11,2024-11-09T18:00:00.000Z,Rhode Island,Delaware,False,False,54.5,,ESPN Bet,13.1,32.0,45.1,-4.7,59.6,70.7,0.007,0.148,-9.4,UNDER,8,9,True,45,Delaware: Zach Marker out; Rhode Island: Devin Farrell out,49.8
401654508,11,2024-11-09T18:00:00.000Z,Pennsylvania,Cornell,False,False,51.5,,ESPN Bet,19.5,40.4,59.9,-2.2,77.4,78.1,0.045,0.191,8.4,OVER,6,7,True,116,Pennsylvania: Aidan Sayin out,62.1
401636350,11,2024-11-09T20:00:00.000Z,Alabama State,Grambling,False,False,44.5,,ESPN Bet,15.1,21.1,36.2,-1.8,60.1,58.9,0.025,0.082,-8.3,UNDER,8,6,True,47,Grambling: Myles Crawley out,38.0
401644760,11,2024-11-06T00:30:00.000Z,Bowling Green,Central Michigan,False,False,48.5,48.5,"Bovada, DraftKings, ESPN Bet",25.8,30.9,56.7,-0.1,64.2,65.5,0.113,0.153,8.2,OVER,8,8,True,36,Central Michigan: Joey Labas out,56.8
401643755,11,2024-11-09T20:30:00.000Z,San José State,Oregon State,False,False,58.5,56.0,"Bovada, DraftKings, ESPN Bet",21.0,30.0,51.0,-3.5,62.4,67.7,0.075,0.14,-7.5,UNDER,8,8,True,37,Oregon State: Gevani McCoy out; San José State: Emmett Brown out,54.5
401643826,11,2024-11-09T20:30:00.000Z,Georgia State,James Madison,False,False,53.5,54.25,"Bovada, DraftKings, ESPN Bet",9.7,37.1,46.8,-0.7,72.0,68.2,-0.024,0.196,-6.7,UNDER,8,8,True,45,Georgia State: Christian Veilleux out,47.5
401628678,11,2024-11-09T18:00:00.000Z,Bryant,Maine,False,False,57.5,,ESPN Bet,16.8,34.0,50.8,-4.6,69.7,62.1,0.032,0.19,-6.7,UNDER,9,6,True,64,Bryant: Jarrett Guest out,55.4
401634140,11,2024-11-09T17:00:00.000Z,Western Carolina,East Tennessee State,False,False,58.5,,ESPN Bet,17.5,34.8,52.3,-7.4,81.1,79.3,0.029,0.149,-6.2,UNDER,8,9,True,45,East Tennessee State: Jaylen King out; Western Carolina: Cole Gonzales out,59.7
401628682,11,2024-11-09T18:00:00.000Z,Hampton,Towson,False,False,55.5,,ESPN Bet,20.3,29.1,49.4,-1.7,67.0,60.4,0.063,0.152,-6.1,UNDER,8,9,True,37,Hampton: Malcolm Mays out,51.1
401634150,11,2024-11-09T18:30:00.000Z,Mercer,VMI,False,False,47.5,,ESPN Bet,21.0,20.6,41.6,0.4,68.7,61.7,0.066,0.073,-5.9,UNDER,9,9,True,34,VMI: Collin Shannon out,41.2
401634244,11,2024-11-09T18:00:00.000Z,Youngstown State,Southern Illinois,False,False,54.5,,ESPN Bet,24.7,35.6,60.3,-0.3,60.8,66.6,0.111,0.189,5.8,OVER,9,10,True,70,Southern Illinois: Hunter Simmons out,60.6
401634115,11,2024-11-10T01:00:00.000Z,Northern Arizona,Cal Poly,False,False,53.5,,ESPN Bet,20.9,26.9,47.8,-2.4,62.5,61.0,0.074,0.13,-5.7,UNDER,8,6,True,45,Cal Poly: Bo Kelly out; Northern Arizona: PJ London out,50.2
401636918,11,2024-11-09T17:00:00.000Z,West Virginia,Cincinnati,False,True,54.5,57.5,"Bovada, DraftKings, ESPN Bet",19.3,40.8,60.1,-2.6,69.5,64.5,0.052,0.24,5.6,OVER,8,8,True,55,West Virginia: Garrett Greene out,62.7
401645361,11,2024-11-08T01:00:00.000Z,Florida Atlantic,East Carolina,False,False,58.5,55.5,"Bovada, DraftKings, ESPN Bet",20.2,33.7,53.9,-1.1,66.4,78.7,0.063,0.143,-4.6,UNDER,8,8,True,63,East Carolina: Jake Garcia out,55.0
401628415,11,2024-11-10T00:45:00.000Z,Oklahoma,Missouri,False,True,42,42.5,"Bovada, DraftKings, ESPN Bet",13.8,24.6,38.4,-1.7,51.1,57.7,0.02,0.117,-3.6,UNDER,8,9,True,53,Missouri: Brady Cook out,40.1
401654630,11,2024-11-09T18:00:00.000Z,Lafayette,Colgate,False,False,50.5,,ESPN Bet,25.0,28.5,53.6,-1.2,71.2,66.3,0.094,0.132,3.1,OVER,8,9,True,41,Colgate: Michael Brescia out,54.8
401628677,11,2024-11-09T18:00:00.000Z,UAlbany,Stony Brook,False,False,48.5,,ESPN Bet,15.4,35.7,51.1,-3.8,65.6,65.3,0.023,0.194,2.6,OVER,7,8,True,30,UAlbany: Myles Burkett out,54.9
401638688,11,2024-11-09T19:00:00.000Z,Butler,Valparaiso,False,False,45.5,,ESPN Bet,24.1,23.8,47.9,0.1,59.9,52.8,0.108,0.122,2.4,OVER,8,9,True,41,Valparaiso: Michael Appel Jr. out,47.8
401641036,11,2024-11-09T23:00:00.000Z,Western Kentucky,New Mexico State,False,False,53.5,51.5,"Bovada, DraftKings, ESPN Bet",27.8,23.4,51.2,-0.1,60.2,53.4,0.14,0.117,-2.3,UNDER,7,8,True,69,New Mexico State: Parker Awad out,51.3
401636922,11,2024-11-10T03:15:00.000Z,BYU,Utah,False,True,40.5,41.5,"Bovada, DraftKings, ESPN Bet",17.9,24.8,42.8,-0.9,66.1,70.0,0.044,0.094,2.3,OVER,8,8,True,43,Utah: Isaac Wilson out,43.7
401632467,11,2024-11-09T19:00:00.000Z,Chattanooga,The Citadel,False,False,44.5,,ESPN Bet,16.7,30.0,46.7,-5.1,67.4,72.4,0.033,0.129,2.2,OVER,8,9,True,38,Chattanooga: Chase Artopoeus out,51.8
401643829,11,2024-11-09T20:00:00.000Z,Marshall,Southern Miss,False,False,53.5,55.5,"Bovada, DraftKings, ESPN Bet",25.4,26.3,51.6,-0.3,62.3,61.2,0.114,0.124,-1.9,UNDER,8,8,True,40,Marshall: Stone Earle out,51.9
401643751,11,2024-11-10T02:45:00.000Z,Fresno State,Air Force,False,False,40.5,41.25,"Bovada, DraftKings, ESPN Bet",18.7,20.0,38.7,0.7,62.5,66.9,0.055,0.06,-1.8,UNDER,8,9,True,64,Air Force: John Busha out,38.0
401636369,11,2024-11-09T20:00:00.000Z,Bethune-Cookman,Southern,False,False,44.5,,ESPN Bet,13.2,32.9,46.1,-2.9,61.3,76.1,0.007,0.143,1.6,OVER,8,9,True,48,Southern: Noah Bodden out,49.0
401654579,11,2024-11-09T18:00:00.000Z,Central Connecticut,Stonehill,False,False,52.5,,ESPN Bet,23.2,27.7,51.0,0.4,67.2,60.4,0.086,0.139,-1.5,UNDER,8,9,True,38,Stonehill: Ashur Carraha out,50.6
401632135,11,2024-11-09T20:00:00.000Z,Southern Utah,North Alabama,False,False,55.5,,ESPN Bet,24.6,32.2,56.8,0.2,64.0,67.4,0.103,0.159,1.3,OVER,9,9,True,64,North Alabama: Ari Patu out,56.6
401654502,11,2024-11-09T17:00:00.000Z,Morgan State,Delaware State,False,False,44.5,,ESPN Bet,19.7,23.6,43.3,-2.2,59.4,57.4,0.068,0.109,-1.2,UNDER,8,5,True,64,Delaware State: Marqui Adams out,45.5
401644761,11,2024-11-07T00:00:00.000Z,Ohio,Kent State,False,False,53,52.25,"Bovada, DraftKings, ESPN Bet",27.3,24.7,52.0,-2.2,67.7,60.2,0.118,0.112,-1.0,UNDER,8,8,True,41,Kent State: Tommy Ulatowski out,54.2
401645363,11,2024-11-09T17:00:00.000Z,Navy,South Florida,False,False,58.5,56.5,"Bovada, DraftKings, ESPN Bet",24.9,34.5,59.4,-0.4,62.3,83.3,0.109,0.139,0.9,OVER,8,8,True,35,South Florida: Byrum Brown out,59.8
401636917,11,2024-11-10T00:00:00.000Z,UCF,Arizona State,False,True,55.5,56.25,"Bovada, DraftKings, ESPN Bet",19.9,34.7,54.6,-0.8,64.8,60.3,0.062,0.203,-0.9,UNDER,8,9,True,66,UCF: KJ Jefferson out,55.4
401628984,11,2024-11-10T00:30:00.000Z,Florida State,Notre Dame,False,True,44,42.5,"Bovada, DraftKings, ESPN Bet",5.2,39.6,44.8,-1.2,63.8,64.8,-0.063,0.229,0.8,OVER,8,9,True,55,Florida State: D.J. Uiagalelei out,46.0
401634027,11,2024-11-09T20:00:00.000Z,Nicholls,Houston Christian,False,False,49.5,,ESPN Bet,21.9,26.9,48.7,-0.6,78.1,73.6,0.061,0.104,-0.8,UNDER,8,9,True,45,Houston Christian: Eli Brickhandler out,49.3
401628542,11,2024-11-09T02:00:00.000Z,Iowa,UCLA,False,True,45,44.5,"Bovada, DraftKings, ESPN Bet",19.9,24.8,44.7,-0.8,57.5,53.3,0.073,0.131,-0.3,UNDER,8,9,True,37,Iowa: Cade McNamara out,45.5
401628417,11,2024-11-09T17:00:00.000Z,Florida,Texas,False,True,48.5,47.5,"Bovada, DraftKings, ESPN Bet",9.9,38.8,48.7,-1.2,62.1,73.6,-0.022,0.192,0.2,OVER,8,8,True,66,Florida: Graham Mertz out,49.9
401628679,11,2024-11-09T20:30:00.000Z,Richmond,Campbell,False,False,52.5,,ESPN Bet,23.0,29.8,52.7,-0.2,63.9,62.8,0.09,0.151,0.2,OVER,9,7,True,51,Richmond: Kyle Wickersham out,52.9
401638695,12,2024-11-16T21:00:00.000Z,Stetson,San Diego,False,False,54.5,,ESPN Bet,5.7,34.1,39.8,-10.0,75.5,65.9,-0.053,0.175,-14.7,UNDER,9,8,True,51,Stetson: Brady Meitz out,49.8
401675123,12,2024-11-16T20:00:00.000Z,Incarnate Word,Stephen F. Austin,False,False,60.5,,ESPN Bet,21.7,28.4,50.1,-7.8,79.7,78.7,0.057,0.104,-10.4,UNDER,9,9,True,47,Stephen F. Austin: Sam Vidlak out,57.9
401632468,12,2024-11-16T18:30:00.000Z,Samford,Chattanooga,False,False,49.5,,ESPN Bet,15.1,24.1,39.2,-4.5,73.7,64.5,0.016,0.096,-10.3,UNDER,10,8,True,49,Chattanooga: Chase Artopoeus out,43.7
401645365,12,2024-11-15T00:30:00.000Z,East Carolina,Tulsa,False,False,63.5,61.25,"Bovada, DraftKings, ESPN Bet",23.6,29.9,53.4,-1.6,76.5,73.3,0.074,0.124,-10.1,UNDER,9,9,True,69,Tulsa: Kirk Francis out; East Carolina: Jake Garcia out,55.0
401644604,12,2024-11-16T18:00:00.000Z,Harvard,Pennsylvania,False,False,52.5,,ESPN Bet,29.4,32.8,62.2,-1.8,76.0,70.4,0.116,0.152,9.7,OVER,8,7,True,59,Pennsylvania: Aidan Sayin out,64.0
401628689,12,2024-11-16T18:00:00.000Z,UAlbany,Rhode Island,False,False,46.5,,ESPN Bet,11.5,27.1,38.6,-6.0,66.0,57.9,-0.009,0.138,-7.9,UNDER,10,9,True,37,Rhode Island: Devin Farrell out; UAlbany: Myles Burkett out,44.6
401635582,12,2024-11-16T17:00:00.000Z,Clemson,Pittsburgh,False,True,52,54.25,"Bovada, DraftKings, ESPN Bet",27.0,31.9,58.9,-3.2,76.0,74.1,0.098,0.137,6.9,OVER,9,9,True,44,Pittsburgh: Eli Holstein out,62.1
401635580,12,2024-11-16T20:30:00.000Z,Boston College,SMU,False,True,54,53.75,"Bovada, DraftKings, ESPN Bet",8.7,38.5,47.2,-3.4,66.5,75.7,-0.032,0.181,-6.8,UNDER,9,9,True,66,Boston College: Thomas Castellanos out,50.6
401634126,12,2024-11-16T19:00:00.000Z,Northern Arizona,Northern Colorado,False,False,42.5,,ESPN Bet,24.7,24.3,49.1,-1.8,66.0,62.3,0.099,0.103,6.6,OVER,10,7,True,47,Northern Colorado: Peter Costelli out; Northern Arizona: PJ London out,50.9
401628424,12,2024-11-17T00:45:00.000Z,New Mexico State,Texas A&M,False,True,54.5,55.5,"Bovada, DraftKings, ESPN Bet",12.4,35.8,48.1,-0.1,57.5,57.8,0.002,0.219,-6.4,UNDER,9,8,True,41,New Mexico State: Parker Awad out,48.2
401654631,12,2024-11-16T17:30:00.000Z,Stonehill,Lafayette,False,False,49.5,,ESPN Bet,19.2,36.5,55.7,0.4,64.6,67.3,0.055,0.19,6.2,OVER,10,9,True,52,Stonehill: Ashur Carraha out,55.3
401645370,12,2024-11-16T17:00:00.000Z,Tulane,Navy,False,False,49,54.0,"Bovada, DraftKings, ESPN Bet",26.0,28.9,54.9,-2.3,66.6,60.1,0.108,0.148,5.9,OVER,9,10,True,35,Navy: Blake Horvath out,57.2
401654495,12,2024-11-16T17:00:00.000Z,Columbia,Brown,False,False,49.5,,ESPN Bet,20.2,34.9,55.0,-2.4,71.2,89.7,0.055,0.127,5.5,OVER,8,8,True,33,Columbia: Cole Freeman out,57.4
401628691,12,2024-11-16T18:00:00.000Z,Campbell,Delaware,False,False,49.5,,ESPN Bet,17.7,37.3,55.0,-1.7,61.2,71.9,0.047,0.183,5.5,OVER,9,10,True,63,Delaware: Zach Marker out,56.7
401643758,12,2024-11-17T00:00:00.000Z,Boise State,San José State,False,False,62,61.25,"Bovada, DraftKings, ESPN Bet",27.2,29.7,56.9,-3.6,70.0,68.6,0.111,0.133,-5.1,UNDER,9,9,True,63,San José State: Emmett Brown out,60.5
401636361,12,2024-11-16T20:00:00.000Z,Arkansas-Pine Bluff,Southern,False,False,51.5,,ESPN Bet,16.3,30.3,46.6,-2.7,62.7,71.6,0.033,0.131,-4.9,UNDER,8,8,True,40,Southern: Noah Bodden out,49.3
401643757,12,2024-11-16T20:30:00.000Z,Oregon State,Air Force,False,False,44.5,44.75,"Bovada, DraftKings, ESPN Bet",20.4,28.8,49.2,0.5,63.1,61.4,0.068,0.144,4.7,OVER,9,9,True,28,Air Force: John Busha out; Oregon State: Gevani McCoy out,48.7
401654503,12,2024-11-16T17:00:00.000Z,Delaware State,Norfolk State,False,False,51.5,,ESPN Bet,16.9,30.1,47.1,-2.1,61.3,56.1,0.04,0.173,-4.4,UNDER,8,9,True,57,Delaware State: Marqui Adams out,49.2
401634121,12,2024-11-16T22:00:00.000Z,Sacramento State,Cal Poly,False,False,58.5,,ESPN Bet,23.0,31.5,54.5,-2.0,68.2,66.9,0.081,0.151,-4.0,UNDER,9,9,True,49,Cal Poly: Bo Kelly out,56.5
401638349,12,2024-11-16T18:00:00.000Z,VMI,Western Carolina,False,False,54.5,,ESPN Bet,14.4,36.3,50.7,-5.4,66.1,83.5,0.015,0.147,-3.8,UNDER,10,10,True,86,Western Carolina: Cole Gonzales out; VMI: Collin Shannon out,56.1
401628549,12,2024-11-16T21:00:00.000Z,Nebraska,USC,False,True,50.5,50.25,"Bovada, DraftKings, ESPN Bet",17.7,29.7,47.4,-3.0,61.4,58.5,0.047,0.161,-3.1,UNDER,9,9,True,48,USC: Miller Moss out,50.4
401644765,12,2024-11-13T00:00:00.000Z,Central Michigan,Toledo,False,False,52,50.0,"Bovada, DraftKings, ESPN Bet",18.0,36.8,54.9,-0.1,68.9,71.7,0.041,0.18,2.9,OVER,9,9,True,47,Central Michigan: Joey Labas out,55.0
401643759,12,2024-11-16T01:00:00.000Z,Wyoming,Colorado State,False,False,47,48.25,"Bovada, DraftKings, ESPN Bet",16.8,33.0,49.8,1.2,71.3,60.8,0.03,0.182,2.8,OVER,9,9,True,34,Wyoming: Evan Svoboda out,48.6
401654622,12,2024-11-16T17:00:00.000Z,Colgate,Lehigh,False,False,47.5,,ESPN Bet,14.4,30.2,44.7,-2.3,66.9,59.9,0.014,0.161,-2.8,UNDER,8,9,True,62,Lehigh: Dante Perri out; Colgate: Michael Brescia out,47.0
401634141,12,2024-11-16T17:00:00.000Z,Furman,East Tennessee State,False,False,51.5,,ESPN Bet,15.7,33.0,48.7,-0.8,70.7,75.1,0.022,0.143,-2.8,UNDER,9,8,True,45,East Tennessee State: Jaylen King out; Furman: Carson Jones out,49.5
401628685,12,2024-11-16T17:00:00.000Z,Richmond,Hampton,False,False,49.5,,ESPN Bet,18.6,28.3,46.8,-0.1,58.4,65.0,0.058,0.13,-2.7,UNDER,10,8,True,45,Richmond: Kyle Wickersham out,46.9
401634239,12,2024-11-16T20:00:00.000Z,Southern Illinois,South Dakota State,False,False,49.5,,ESPN Bet,15.5,36.7,52.2,-0.3,68.6,64.0,0.022,0.203,2.7,OVER,10,10,True,51,Southern Illinois: Hunter Simmons out,52.5
401645369,12,2024-11-16T19:00:00.000Z,Florida Atlantic,Temple,False,False,50.5,49.75,"Bovada, DraftKings, ESPN Bet",23.0,30.0,53.0,-1.2,65.2,66.4,0.086,0.14,2.5,OVER,9,9,True,33,Florida Atlantic: Cam Fancher out,54.2
401629046,12,2024-11-16T17:00:00.000Z,Liberty,Massachusetts,False,False,52.5,53.25,"Bovada, DraftKings, ESPN Bet",24.7,25.4,50.1,-1.8,62.6,62.6,0.106,0.111,-2.4,UNDER,9,8,True,69,Massachusetts: Taisun Phommachanh out,51.9
401634036,12,2024-11-16T19:00:00.000Z,McNeese,Northwestern State,False,False,51.5,,ESPN Bet,25.0,24.3,49.4,-3.9,72.6,67.1,0.09,0.094,-2.1,UNDER,10,10,True,38,Northwestern State: Quaterius Hawkins out; McNeese: Clifton McDowell out,53.3
401634021,12,2024-11-16T19:00:00.000Z,Houston Christian,East Texas A&M,False,False,47.5,,ESPN Bet,14.7,30.7,45.4,-0.7,76.4,74.8,0.011,0.127,-2.1,UNDER,10,9,True,81,East Texas A&M: Eric Rodriguez out; Houston Christian: Eli Brickhandler out,46.1
401628420,12,2024-11-16T20:30:00.000Z,LSU,Florida,False,True,56.5,55.25,"Bovada, DraftKings, ESPN Bet",26.0,28.6,54.5,-1.1,71.5,62.9,0.099,0.138,-2.0,UNDER,9,9,True,43,Florida: Graham Mertz out,55.6
401638697,12,2024-11-16T17:00:00.000Z,Valparaiso,Dayton,False,False,39.5,,ESPN Bet,13.4,28.2,41.5,0.1,54.1,62.4,0.013,0.136,2.0,OVER,9,9,True,40,Valparaiso: Michael Appel Jr. out,41.4
401636923,12,2024-11-16T03:15:00.000Z,Houston,Arizona,False,True,46.5,44.75,"Bovada, DraftKings, ESPN Bet",16.4,28.4,44.8,0.5,59.6,61.7,0.037,0.139,-1.7,UNDER,9,9,True,30,Houston: Donovan Smith out,44.3
401634037,12,2024-11-16T21:00:00.000Z,Nicholls,Lamar,False,False,45.5,,ESPN Bet,18.7,25.3,44.1,-0.9,76.9,64.4,0.039,0.107,-1.4,UNDER,10,10,True,31,Lamar: Jakolby Longino out,45.0
401645368,12,2024-11-16T20:30:00.000Z,South Florida,Charlotte,False,False,53.5,52.75,"Bovada, DraftKings, ESPN Bet",23.1,29.1,52.3,0.3,74.1,60.0,0.073,0.151,-1.2,UNDER,9,9,True,83,Charlotte: Max Brown out,52.0
401632129,12,2024-11-16T21:00:00.000Z,West Georgia,Utah Tech,False,False,54.5,,ESPN Bet,23.3,30.0,53.4,-6.5,84.9,69.2,0.062,0.134,-1.1,UNDER,8,6,True,65,West Georgia: Quincy Casey out,59.9
401643832,12,2024-11-16T18:00:00.000Z,Coastal Carolina,Marshall,False,False,57,55.75,"Bovada, DraftKings, ESPN Bet",21.3,35.4,56.6,-0.3,61.2,66.8,0.078,0.183,-0.4,UNDER,9,9,True,50,Marshall: Stone Earle out,56.9
401634249,12,2024-11-16T17:00:00.000Z,Northern Iowa,Youngstown State,False,False,58.5,,ESPN Bet,22.8,36.0,58.8,-2.2,57.5,58.7,0.099,0.217,0.3,OVER,11,10,True,77,Northern Iowa: Matthew Schecklman out,61.0
401638694,12,2024-11-16T17:00:00.000Z,Presbyterian,Marist,False,False,52.5,,ESPN Bet,23.3,29.1,52.4,-0.2,62.9,63.4,0.093,0.141,-0.1,UNDER,10,9,True,65,Presbyterian: Ty Englehart out,52.6
401654469,13,2024-11-23T18:00:00.000Z,Pennsylvania,Princeton,False,False,46.5,,ESPN Bet,23.3,35.1,58.4,-1.5,67.9,76.7,0.084,0.153,11.9,OVER,8,9,True,37,Pennsylvania: Aidan Sayin out,59.9
401654504,13,2024-11-23T18:00:00.000Z,North Carolina Central,Delaware State,False,False,52.5,,ESPN Bet,21.2,20.5,41.7,-4.6,57.8,55.6,0.086,0.084,-10.8,UNDER,10,10,True,62,Delaware State: Marqui Adams out; North Carolina Central: Walker Harris out,46.3
401638350,13,2024-11-23T20:00:00.000Z,Western Carolina,Samford,False,False,58.5,,ESPN Bet,16.6,31.6,48.2,-4.9,79.9,79.0,0.018,0.123,-10.3,UNDER,9,11,True,89,Western Carolina: Cole Gonzales out,53.1
401635615,13,2024-11-24T01:00:00.000Z,Virginia Tech,Duke,False,True,45.5,47.25,"Bovada, DraftKings, ESPN Bet",12.7,23.9,36.6,-1.8,64.3,69.7,0.0,0.085,-8.9,UNDER,10,10,True,59,Virginia Tech: Kyron Drones out,38.4
401654496,13,2024-11-23T17:00:00.000Z,Cornell,Columbia,False,False,45.5,,ESPN Bet,21.7,32.5,54.2,-2.3,79.9,77.9,0.053,0.132,8.7,OVER,9,8,True,26,Columbia: Cole Freeman out,56.5
401643767,13,2024-11-23T03:00:00.000Z,UNLV,San José State,False,False,59.5,62.5,"Bovada, DraftKings, ESPN Bet",22.9,29.4,52.3,-3.4,69.1,73.0,0.078,0.12,-7.2,UNDER,10,10,True,43,San José State: Emmett Brown out,55.7
401634151,13,2024-11-23T20:00:00.000Z,Furman,Mercer,False,False,51.5,,ESPN Bet,12.1,32.3,44.4,0.1,69.7,69.8,-0.007,0.15,-7.1,UNDER,11,9,True,72,Furman: Carson Jones out,44.3
401628556,13,2024-11-23T17:00:00.000Z,Iowa,Maryland,False,True,40.5,46.5,"Bovada, DraftKings, ESPN Bet",20.6,26.8,47.4,-0.8,58.6,66.5,0.078,0.115,6.9,OVER,10,10,True,42,Iowa: Cade McNamara out,48.2
401634179,13,2024-11-23T19:00:00.000Z,Indiana State,Northern Iowa,False,False,44.5,,ESPN Bet,20.7,30.3,51.0,-2.2,58.1,64.2,0.08,0.15,6.5,OVER,11,11,True,75,Northern Iowa: Matthew Schecklman out,53.2
401634196,13,2024-11-23T18:00:00.000Z,Murray State,Southern Illinois,False,False,56.5,,ESPN Bet,23.3,39.6,62.9,-0.3,67.3,76.9,0.085,0.184,6.4,OVER,11,11,True,62,Southern Illinois: Hunter Simmons out,63.2
401643840,13,2024-11-23T22:00:00.000Z,Troy,Louisiana,False,False,51.5,53.25,"Bovada, DraftKings, ESPN Bet",23.3,34.6,57.9,-4.0,64.1,61.4,0.091,0.197,6.4,OVER,10,10,True,81,Louisiana: Ben Wooldridge out,61.9
401643841,13,2024-11-23T20:00:00.000Z,South Alabama,Southern Miss,False,False,54,55.25,"Bovada, DraftKings, ESPN Bet",34.6,25.8,60.4,0.5,67.7,66.6,0.176,0.106,6.4,OVER,10,10,True,49,Southern Miss: Ethan Crawford out,59.9
401644770,13,2024-11-20T00:30:00.000Z,Western Michigan,Central Michigan,False,False,56,56.25,"Bovada, DraftKings, ESPN Bet",28.1,34.2,62.3,-0.1,64.9,64.3,0.13,0.183,6.3,OVER,10,10,True,30,Central Michigan: Joey Labas out,62.4
401628695,13,2024-11-23T17:00:00.000Z,William & Mary,Richmond,False,False,49.5,,ESPN Bet,22.3,33.1,55.4,-0.1,65.6,64.4,0.08,0.174,5.9,OVER,9,9,True,27,Richmond: Kyle Wickersham out,55.5
401654653,13,2024-11-23T18:00:00.000Z,Colgate,Bucknell,False,False,48.5,,ESPN Bet,18.5,35.0,53.5,-1.0,68.5,75.4,0.044,0.156,5.0,OVER,10,10,True,82,Colgate: Michael Brescia out,54.5
401654623,13,2024-11-23T17:00:00.000Z,Lafayette,Lehigh,False,False,52.5,,ESPN Bet,20.0,27.7,47.7,-1.1,71.7,59.1,0.052,0.143,-4.8,UNDER,9,11,True,52,Lehigh: Dante Perri out,48.8
401638699,13,2024-11-23T19:00:00.000Z,Davidson,Valparaiso,False,False,57.5,,ESPN Bet,26.8,25.9,52.7,0.1,65.4,54.2,0.117,0.142,-4.8,UNDER,10,10,True,35,Valparaiso: Michael Appel Jr. out,52.6
401635518,13,2024-11-23T17:00:00.000Z,UConn,Syracuse,False,True,53.5,54.5,"Bovada, DraftKings, ESPN Bet",23.1,35.2,58.3,-0.2,66.0,76.9,0.085,0.153,4.8,OVER,10,10,True,55,UConn: Nick Evers out,58.5
401636931,13,2024-11-24T00:00:00.000Z,Baylor,Houston,False,True,51,50.5,"Bovada, DraftKings, ESPN Bet",22.5,23.8,46.3,0.4,66.1,61.3,0.081,0.102,-4.7,UNDER,10,10,True,30,Houston: Donovan Smith out,45.9
401634131,13,2024-11-23T21:00:00.000Z,Northern Colorado,Portland State,False,False,55.5,,ESPN Bet,22.7,37.4,60.0,-1.5,72.8,67.4,0.07,0.199,4.5,OVER,10,11,True,58,Northern Colorado: Peter Costelli out,61.5
401628430,13,2024-11-23T17:45:00.000Z,Massachusetts,Georgia,False,True,55.5,56.25,"Bovada, DraftKings, ESPN Bet",15.1,35.9,51.0,-1.7,66.0,62.1,0.019,0.206,-4.5,UNDER,10,10,True,80,Massachusetts: Taisun Phommachanh out,52.7
401634042,13,2024-11-24T01:00:00.000Z,Lamar,McNeese,False,False,45.5,,ESPN Bet,18.4,31.3,49.7,-2.7,70.9,73.6,0.04,0.133,4.2,OVER,11,11,True,50,McNeese: Clifton McDowell out,52.4
401628561,13,2024-11-24T03:30:00.000Z,USC,UCLA,False,True,52.5,51.5,"Bovada, DraftKings, ESPN Bet",22.4,26.3,48.7,-2.9,63.4,59.3,0.085,0.13,-3.8,UNDER,10,10,True,32,USC: Miller Moss out,51.6
401632131,13,2024-11-23T20:00:00.000Z,Central Arkansas,Tarleton State,False,False,57.5,,ESPN Bet,18.1,35.7,53.8,-5.4,75.3,74.4,0.033,0.163,-3.7,UNDER,11,9,True,53,Central Arkansas: Will McElvain out,59.2
401643763,13,2024-11-24T03:30:00.000Z,Air Force,Nevada,False,False,44.5,44.5,"Bovada, DraftKings, ESPN Bet",19.3,28.9,48.2,0.5,65.4,56.5,0.055,0.164,3.7,OVER,11,10,True,41,Air Force: John Busha out,47.7
401634772,13,2024-11-22T00:30:00.000Z,NC State,Georgia Tech,False,True,51,52.5,"Bovada, DraftKings, ESPN Bet",20.4,34.2,54.6,-4.3,59.7,69.4,0.075,0.167,3.6,OVER,10,10,True,59,Georgia Tech: Haynes King out,58.9
401634142,13,2024-11-23T17:00:00.000Z,East Tennessee State,VMI,False,False,41.5,,ESPN Bet,22.4,22.5,45.0,-0.6,75.9,61.7,0.064,0.09,3.5,OVER,11,10,True,25,VMI: Collin Shannon out; East Tennessee State: Jaylen King out,45.6
401628699,13,2024-11-23T18:00:00.000Z,Rhode Island,Bryant,False,False,45.5,,ESPN Bet,19.2,29.8,49.0,-2.6,61.6,70.2,0.06,0.13,3.5,OVER,8,11,True,56,Rhode Island: Devin Farrell out,51.6
401638698,13,2024-11-23T18:00:00.000Z,Butler,Presbyterian,False,False,48.5,,ESPN Bet,23.8,28.3,52.0,-0.2,58.6,56.9,0.108,0.156,3.5,OVER,10,11,True,57,Presbyterian: Ty Englehart out,52.2
401628572,13,2024-11-24T00:00:00.000Z,Washington State,Oregon State,False,False,56.5,56.5,"Bovada, DraftKings, ESPN Bet",29.5,30.3,59.8,-0.0,60.1,65.5,0.156,0.147,3.3,OVER,10,10,True,79,Oregon State: Gevani McCoy out,59.8
401632132,13,2024-11-23T19:00:00.000Z,North Alabama,Eastern Kentucky,False,False,49.5,,ESPN Bet,18.3,34.2,52.6,0.2,68.1,65.0,0.043,0.181,3.1,OVER,11,10,True,36,North Alabama: Ari Patu out,52.4
401645372,13,2024-11-23T20:30:00.000Z,East Carolina,North Texas,False,False,73.5,73.25,"Bovada, DraftKings, ESPN Bet",30.3,40.7,71.0,-1.0,82.1,79.6,0.108,0.184,-2.5,UNDER,10,10,True,68,East Carolina: Jake Garcia out,72.0
401634128,13,2024-11-23T20:00:00.000Z,Eastern Washington,Northern Arizona,False,False,61.5,,ESPN Bet,25.2,38.6,63.9,-0.4,65.6,66.5,0.104,0.212,2.4,OVER,8,9,True,48,Northern Arizona: PJ London out,64.3
401678896,13,2024-11-23T20:00:00.000Z,Abilene Christian,Stephen F. Austin,False,False,58.5,,ESPN Bet,27.6,33.2,60.9,-6.8,79.1,78.9,0.096,0.135,2.4,OVER,10,11,True,51,Stephen F. Austin: Sam Vidlak out,67.7
401634040,13,2024-11-23T20:00:00.000Z,Northwestern State,Houston Christian,False,False,55.5,,ESPN Bet,16.2,37.3,53.6,-0.5,68.3,77.6,0.026,0.167,-1.9,UNDER,10,11,True,86,Houston Christian: Eli Brickhandler out,54.1
401645371,13,2024-11-23T20:00:00.000Z,Charlotte,Florida Atlantic,False,False,49.5,48.25,"Bovada, DraftKings, ESPN Bet",19.1,32.4,51.4,-1.0,60.8,61.8,0.06,0.177,1.9,OVER,10,10,True,66,Florida Atlantic: Cam Fancher out,52.4
401636937,13,2024-11-23T20:30:00.000Z,UCF,West Virginia,False,True,60.5,64.25,"Bovada, DraftKings, ESPN Bet",28.9,29.9,58.8,-0.7,67.2,60.8,0.13,0.158,-1.7,UNDER,10,10,True,52,UCF: KJ Jefferson out,59.5
401628694,13,2024-11-23T18:00:00.000Z,Delaware,Villanova,False,False,46.5,,ESPN Bet,21.5,26.3,47.9,-1.4,66.1,57.4,0.072,0.136,1.4,OVER,11,10,True,66,Delaware: Zach Marker out,49.3
401636934,13,2024-11-23T20:30:00.000Z,Texas Tech,Oklahoma State,False,True,63.5,68.25,"Bovada, DraftKings, ESPN Bet",32.3,32.6,64.9,-6.0,79.3,80.2,0.127,0.127,1.4,OVER,10,10,True,104,Oklahoma State: Alan Bowman out,70.9
401635616,13,2024-11-23T18:30:00.000Z,Charleston Southern,Florida State,False,True,44.5,44.5,"DraftKings, ESPN Bet",21.7,23.8,45.5,-1.1,62.7,69.9,0.08,0.084,1.0,OVER,10,11,True,48,Florida State: D.J. Uiagalelei out,46.6
401654610,13,2024-11-23T17:00:00.000Z,Stonehill,Robert Morris,False,False,47.5,,ESPN Bet,18.9,29.6,48.4,-3.9,61.5,61.5,0.057,0.153,0.9,OVER,10,10,True,44,Robert Morris: Anthony Chiccitt out; Stonehill: Ashur Carraha out,52.3
401654640,13,2024-11-23T17:30:00.000Z,Holy Cross,Georgetown,False,False,47.5,,ESPN Bet,20.3,26.5,46.8,-3.2,65.4,67.3,0.063,0.111,-0.7,UNDER,9,11,True,34,Georgetown: Danny Lauter out,50.0
401654537,13,2024-11-23T18:00:00.000Z,Howard,Morgan State,False,False,41.5,,ESPN Bet,15.6,25.2,40.8,-1.1,61.1,56.5,0.029,0.127,-0.7,UNDER,6,10,True,56,Morgan State: Duce Taylor out,41.9
401628698,13,2024-11-23T18:00:00.000Z,Hampton,UAlbany,False,False,44.5,,ESPN Bet,21.6,22.3,43.8,-2.8,63.1,60.1,0.078,0.091,-0.7,UNDER,10,11,True,75,UAlbany: Myles Burkett out,46.6
401654600,13,2024-11-23T17:00:00.000Z,Long Island University,Wagner,False,False,41.5,,ESPN Bet,17.0,25.0,42.0,-0.9,54.1,55.3,0.052,0.129,0.5,OVER,11,10,True,63,Long Island University: Luca Stanzani out,42.9
401635612,13,2024-11-23T17:00:00.000Z,North Carolina,Boston College,False,True,50.5,56.5,"Bovada, DraftKings, ESPN Bet",24.3,26.7,51.0,-2.7,71.8,60.8,0.084,0.129,0.5,OVER,10,10,True,62,Boston College: Thomas Castellanos out,53.7
401634127,13,2024-11-23T20:00:00.000Z,Cal Poly,Weber State,False,False,54.5,,ESPN Bet,19.5,34.6,54.1,-1.7,65.3,71.2,0.056,0.164,-0.4,UNDER,11,10,True,45,Cal Poly: Bo Kelly out,55.8
401644779,14,2024-11-30T20:30:00.000Z,Central Michigan,Northern Illinois,False,False,40,45.25,"Bovada, DraftKings, ESPN Bet",14.1,36.4,50.4,-0.0,62.1,67.0,0.008,0.191,10.4,OVER,11,11,True,40,Central Michigan: Joey Labas out,50.4
401628571,14,2024-11-30T20:30:00.000Z,Notre Dame,USC,False,True,52.5,51.25,"Bovada, DraftKings, ESPN Bet",22.2,21.0,43.2,-2.5,60.7,64.0,0.086,0.067,-9.3,UNDER,11,11,True,84,USC: Miller Moss out,45.7
401636386,14,2024-11-30T19:00:00.000Z,Grambling,Southern,True,False,45.5,,ESPN Bet,18.2,19.0,37.2,-2.2,61.0,68.1,0.048,0.043,-8.3,UNDER,9,10,True,38,Southern: Noah Bodden out,39.4
401643771,14,2024-12-01T04:00:00.000Z,New Mexico,Hawai'i,False,False,61.5,61.25,"Bovada, DraftKings, ESPN Bet",29.2,37.8,67.0,-0.9,69.6,69.8,0.124,0.193,5.5,OVER,11,11,True,68,Hawai'i: Brayden Schager out,67.9
401729737,14,2024-11-30T17:00:00.000Z,Central Connecticut,Rhode Island,False,False,45.5,,ESPN Bet,17.1,22.9,40.0,-2.4,69.0,59.6,0.027,0.094,-5.5,UNDER,11,11,True,38,Rhode Island: Devin Farrell out,42.4
401628438,14,2024-12-01T00:00:00.000Z,Florida,Florida State,False,True,46,45.5,"Bovada, DraftKings, ESPN Bet",24.9,26.3,51.3,-1.0,63.4,69.3,0.104,0.101,5.3,OVER,11,11,True,42,Florida State: D.J. Uiagalelei out,52.3
401635620,14,2024-11-30T20:00:00.000Z,Pittsburgh,Boston College,False,True,50.5,48.5,"Bovada, DraftKings, ESPN Bet",19.5,26.2,45.7,-4.9,77.4,66.9,0.035,0.106,-4.8,UNDER,11,11,True,57,Boston College: Thomas Castellanos out; Pittsburgh: Eli Holstein out,50.6
401643848,14,2024-11-30T17:00:00.000Z,Louisiana,UL Monroe,False,False,50,48.5,"Bovada, DraftKings, ESPN Bet",26.5,28.2,54.7,-3.8,66.8,57.9,0.109,0.151,4.7,OVER,11,11,True,60,Louisiana: Ben Wooldridge out,58.5
401628562,14,2024-11-30T00:30:00.000Z,Nebraska,Iowa,False,True,41.5,39.5,"Bovada, DraftKings, ESPN Bet",18.0,28.0,46.0,-0.6,59.3,53.1,0.049,0.168,4.5,OVER,11,11,True,23,Iowa: Cade McNamara out,46.6
401643768,14,2024-12-01T03:30:00.000Z,Air Force,San Diego State,False,False,43.5,43.5,"Bovada, DraftKings, ESPN Bet",19.1,28.5,47.6,0.5,64.9,64.7,0.05,0.132,4.1,OVER,11,11,True,51,Air Force: John Busha out,47.1
401643847,14,2024-11-30T20:00:00.000Z,Old Dominion,Arkansas State,False,False,58.5,58.5,"Bovada, DraftKings, ESPN Bet",27.1,35.1,62.2,-2.5,69.5,74.0,0.107,0.158,3.7,OVER,11,11,True,72,Old Dominion: Colton Joseph out,64.7
401635621,14,2024-11-30T20:30:00.000Z,California,SMU,False,True,54.5,56.75,"Bovada, DraftKings, ESPN Bet",11.9,39.1,51.0,-4.8,70.4,72.6,-0.017,0.193,-3.5,UNDER,11,11,True,44,California: Fernando Mendoza out,55.8
401635640,14,2024-12-01T01:00:00.000Z,Virginia,Virginia Tech,False,True,44.5,48.5,"Bovada, DraftKings, ESPN Bet",14.6,33.3,48.0,-1.4,71.1,67.6,0.004,0.164,3.5,OVER,11,11,True,54,Virginia Tech: Kyron Drones out; Virginia: Anthony Colandrea out,49.4
401645379,14,2024-11-29T17:00:00.000Z,Navy,East Carolina,False,False,54,56.0,"Bovada, DraftKings, ESPN Bet",21.2,36.1,57.3,-2.8,62.7,80.0,0.072,0.149,3.3,OVER,11,10,True,54,East Carolina: Jake Garcia out; Navy: Blake Horvath out,60.1
401628440,14,2024-11-30T17:00:00.000Z,Louisville,Kentucky,False,True,49.5,48.5,"Bovada, DraftKings, ESPN Bet",26.8,26.0,52.8,-1.4,64.3,66.9,0.118,0.104,3.3,OVER,11,11,True,55,Kentucky: Brock Vandagriff out,54.2
401643769,14,2024-11-29T17:00:00.000Z,Oregon State,Boise State,False,False,58,56.0,"Bovada, DraftKings, ESPN Bet",16.9,44.3,61.2,0.0,68.1,63.1,0.026,0.278,3.2,OVER,11,11,True,52,Oregon State: Gevani McCoy out,61.2
401636939,14,2024-11-30T01:00:00.000Z,Utah,UCF,False,True,46.5,49.25,"Bovada, DraftKings, ESPN Bet",14.0,29.3,43.3,-1.5,58.6,69.6,0.012,0.125,-3.2,UNDER,11,11,True,42,UCF: KJ Jefferson out; Utah: Isaac Wilson out,44.8
401729730,14,2024-11-30T19:00:00.000Z,Lehigh,Richmond,False,False,49.5,,ESPN Bet,17.4,28.8,46.3,-1.0,56.8,63.7,0.048,0.138,-3.2,UNDER,10,10,True,36,Richmond: Kyle Wickersham out; Lehigh: Dante Perri out,47.3
401643770,14,2024-11-29T20:30:00.000Z,Utah State,Colorado State,False,False,57,60.5,"Bovada, DraftKings, ESPN Bet",19.2,34.7,54.0,-4.7,80.3,62.8,0.029,0.193,-3.0,UNDER,11,11,True,79,Utah State: Spencer Petras out,58.7
401645380,14,2024-11-30T20:30:00.000Z,Florida Atlantic,Tulsa,False,False,57.5,57.25,"Bovada, DraftKings, ESPN Bet",24.2,30.4,54.7,-0.9,68.0,72.5,0.087,0.126,-2.8,UNDER,11,11,True,79,Florida Atlantic: Cam Fancher out,55.6
401629038,14,2024-11-30T17:00:00.000Z,UConn,Massachusetts,False,False,49.5,50.25,"Bovada, DraftKings, ESPN Bet",25.1,27.1,52.2,-1.7,67.2,68.5,0.096,0.11,2.7,OVER,11,11,True,89,Massachusetts: Taisun Phommachanh out; UConn: Nick Evers out,53.9
401628569,14,2024-12-01T00:30:00.000Z,Washington,Oregon,False,True,50.5,50.5,"Bovada, DraftKings, ESPN Bet",15.7,37.1,52.8,-3.8,63.0,68.2,0.022,0.194,2.3,OVER,11,11,True,70,Washington: Will Rogers out,56.6
401628565,14,2024-11-30T20:30:00.000Z,Maryland,Penn State,False,True,50.5,50.5,"Bovada, DraftKings, ESPN Bet",12.2,37.2,49.3,-1.7,64.7,62.4,-0.011,0.217,-1.2,UNDER,11,11,True,51,Maryland: Billy Edwards out,51.0
401636942,14,2024-12-01T03:15:00.000Z,Houston,BYU,False,True,40.5,41.25,"Bovada, DraftKings, ESPN Bet",9.6,30.1,39.6,0.4,60.0,62.3,-0.032,0.153,-0.9,UNDER,11,11,True,48,Houston: Donovan Smith out,39.2
401729738,14,2024-11-30T20:00:00.000Z,Northern Arizona,Abilene Christian,False,False,55.5,,ESPN Bet,24.8,30.1,54.9,-5.6,67.6,66.2,0.093,0.141,-0.6,UNDER,12,9,True,24,Abilene Christian: Maverick McIvor out; Northern Arizona: PJ London out,60.5
401729756,15,2024-12-07T19:00:00.000Z,Rhode Island,Mercer,False,False,48.5,,ESPN Bet,11.1,27.8,38.9,-2.4,66.1,66.0,-0.022,0.121,-9.6,UNDER,12,12,True,27,Rhode Island: Devin Farrell out,41.3
401729750,15,2024-12-07T19:00:00.000Z,Montana,South Dakota State,False,False,44.5,,ESPN Bet,17.6,33.6,51.1,-2.8,66.5,65.0,0.033,0.174,6.6,OVER,12,13,True,53,Montana: Logan Fife out,53.9
401673462,15,2024-12-07T01:00:00.000Z,Tulane,Army,False,False,46.5,47.5,"Bovada, DraftKings, ESPN Bet",23.1,27.7,50.9,-1.1,56.0,54.8,0.105,0.156,4.4,OVER,10,12,True,49,Army: Bryson Daily out,52.0
401673470,15,2024-12-08T00:30:00.000Z,Marshall,Louisiana,False,False,57.5,56.5,"Bovada, DraftKings, ESPN Bet",23.4,33.2,56.6,-3.1,62.9,60.1,0.091,0.189,-0.9,UNDER,12,12,True,34,Louisiana: Ben Wooldridge out,59.7
