lead,from_quarter,lead_drives_per_game,yoy_gas,yoy_prevent,yoy_fight,total_vs_model,total_vs_market,margin_vs_model,margin_vs_market,adj_sd_total
3,1,4.13,0.06,0.13,-0.06,+0.01 (0.04),+0.04 (0.04),+0.04 (0.04),-0.01 (0.03),9.54
7,1,3.11,0.03,0.1,0.05,-0.05 (0.06),+0.02 (0.06),+0.01 (0.06),+0.00 (0.05),5.95
10,1,2.2,0.15,0.03,0.11,-0.05 (0.09),+0.02 (0.09),+0.09 (0.10),+0.04 (0.08),3.66
14,1,1.58,0.14,0.0,0.26,-0.09 (0.13),-0.02 (0.13),+0.12 (0.13),+0.04 (0.11),2.66
17,1,1.14,0.03,0.26,0.2,-0.03 (0.17),+0.05 (0.17),+0.28 (0.17),+0.20 (0.15),1.98
21,1,0.79,0.02,0.25,0.06,-0.16 (0.23),-0.16 (0.23),+0.43 (0.23),+0.21 (0.20),1.48
3,3,2.39,0.1,0.06,0.09,+0.05 (0.07),+0.10 (0.07),+0.08 (0.08),-0.02 (0.07),4.82
7,3,1.87,0.1,0.18,0.04,-0.04 (0.10),+0.07 (0.10),+0.05 (0.11),-0.00 (0.10),3.3
10,3,1.52,0.05,0.09,0.1,+0.01 (0.14),+0.09 (0.14),+0.10 (0.15),+0.02 (0.13),2.41
14,3,1.14,0.05,0.19,0.19,-0.06 (0.19),+0.01 (0.18),+0.22 (0.20),+0.07 (0.17),1.82
17,3,0.89,0.08,0.27,0.04,-0.10 (0.23),-0.06 (0.22),+0.44 (0.23),+0.28 (0.20),1.49
21,3,0.65,0.14,0.32,0.04,-0.30 (0.30),-0.31 (0.30),+0.59 (0.30),+0.26 (0.27),1.13
3,4,1.18,0.2,0.01,0.06,+0.05 (0.18),+0.20 (0.17),+0.13 (0.19),-0.07 (0.17),1.93
7,4,0.93,0.23,-0.01,-0.11,-0.04 (0.25),+0.27 (0.25),+0.03 (0.27),-0.07 (0.24),1.36
10,4,0.77,0.0,0.25,0.1,+0.13 (0.33),+0.39 (0.32),+0.28 (0.35),+0.02 (0.30),1.05
14,4,0.6,0.59,0.38,,-0.05 (0.43),+0.16 (0.42),+0.59 (0.44),+0.26 (0.39),0.8
17,4,0.48,,,,+0.05 (0.52),+0.25 (0.51),+0.89 (0.50),+0.56 (0.44),0.66
21,4,0.36,,,,-0.34 (0.68),-0.29 (0.66),+1.52 (0.64),+0.65 (0.57),0.51
