season,variant,weeks,games,rmse,edge3_w,edge3_l,card_w,card_l
2023,current,weeks 4-6,236,17.44,89,67,,
2023,current,weeks 7-9,315,15.85,95,89,,
2023,current,weeks 10+,423,16.16,132,112,,
2023,current,all,974,16.38,316,268,35,29
2023,priors,weeks 4-6,236,17.7,81,65,,
2023,priors,weeks 7-9,315,15.97,89,92,,
2023,priors,weeks 10+,423,16.15,119,107,,
2023,priors,all,974,16.49,289,264,34,29
2024,current,weeks 4-6,244,17.77,76,62,,
2024,current,weeks 7-9,323,17.22,96,80,,
2024,current,weeks 10+,550,16.58,161,142,,
2024,current,all,1117,17.03,333,284,40,29
2024,priors,weeks 4-6,244,17.87,82,65,,
2024,priors,weeks 7-9,323,17.35,93,78,,
2024,priors,weeks 10+,550,16.6,151,136,,
2024,priors,all,1117,17.1,326,279,32,36
2025,current,weeks 4-6,241,15.73,60,68,,
2025,current,weeks 7-9,324,14.91,76,59,,
2025,current,weeks 10+,558,15.65,125,127,,
2025,current,all,1123,15.46,261,254,39,30
2025,priors,weeks 4-6,241,15.69,55,64,,
2025,priors,weeks 7-9,324,15.16,89,69,,
2025,priors,weeks 10+,558,16.02,132,136,,
2025,priors,all,1123,15.71,276,269,38,32
